--
-- PostgreSQL database dump
--

\restrict AZ0yf2KTEkJJbLHGdxEgllrtxdPY7LJ2tN2UGiY9pIoyCwuwyRkyDiRJLSnYgi7

-- Dumped from database version 15.15 (Debian 15.15-1.pgdg13+1)
-- Dumped by pg_dump version 15.15 (Debian 15.15-1.pgdg13+1)

SET statement_timeout = 0;
SET lock_timeout = 0;
SET idle_in_transaction_session_timeout = 0;
SET client_encoding = 'UTF8';
SET standard_conforming_strings = on;
SELECT pg_catalog.set_config('search_path', '', false);
SET check_function_bodies = false;
SET xmloption = content;
SET client_min_messages = warning;
SET row_security = off;

--
-- Name: get_patients_without_recent_lab_tests(); Type: FUNCTION; Schema: public; Owner: admin
--

CREATE FUNCTION public.get_patients_without_recent_lab_tests() RETURNS TABLE(patient_id bigint, first_name text, last_name text, hospitalization_case_number bigint, admission_date date, admission_time time without time zone, department text, room_number text)
    LANGUAGE plpgsql
    AS $$
BEGIN
    RETURN QUERY
    SELECT
        p.patient_id,
        p.first_name,
        p.last_name,
        a.hospitalization_case_number,
        a.admission_date,
        a.admission_time,
        a.department,
        a.room_number
    FROM admissions a
    JOIN patient_information p
        ON p.patient_id = a.patient_id
    WHERE
        (a.release_date IS NULL OR a.release_date::timestamp > (a.admission_date::timestamp + INTERVAL '48 hours'))
        AND (a.admission_date::timestamp + INTERVAL '48 hours' < NOW())
        AND NOT EXISTS (
            SELECT 1
            FROM lab_results lr
            JOIN lab_tests lt ON lr.test_id = lt.test_id
            WHERE lt.patient_id = a.patient_id
              AND (lr.performed_date::timestamp + COALESCE(lr.performed_time, TIME '00:00')) > (NOW() - INTERVAL '48 hours')
        )
        AND NOT EXISTS (
            SELECT 1
            FROM lab_tests lt
            WHERE lt.patient_id = a.patient_id
              AND lt.order_date::timestamp > (NOW() - INTERVAL '48 hours')
        );
END;
$$;


ALTER FUNCTION public.get_patients_without_recent_lab_tests() OWNER TO admin;

SET default_tablespace = '';

SET default_table_access_method = heap;

--
-- Name: admissions; Type: TABLE; Schema: public; Owner: admin
--

CREATE TABLE public.admissions (
    hospitalization_case_number bigint NOT NULL,
    patient_id bigint NOT NULL,
    admission_date date NOT NULL,
    admission_time time without time zone NOT NULL,
    release_date date,
    release_time time without time zone,
    department text,
    room_number text
);


ALTER TABLE public.admissions OWNER TO admin;

--
-- Name: lab_results; Type: TABLE; Schema: public; Owner: admin
--

CREATE TABLE public.lab_results (
    result_id bigint NOT NULL,
    test_id bigint NOT NULL,
    result_value numeric NOT NULL,
    result_unit text,
    reference_range text,
    result_status text,
    performed_date date NOT NULL,
    performed_time time without time zone NOT NULL,
    reviewing_physician text
);


ALTER TABLE public.lab_results OWNER TO admin;

--
-- Name: lab_tests; Type: TABLE; Schema: public; Owner: admin
--

CREATE TABLE public.lab_tests (
    test_id bigint NOT NULL,
    patient_id bigint NOT NULL,
    test_name text NOT NULL,
    order_date date NOT NULL,
    order_time time without time zone NOT NULL,
    ordering_physician text NOT NULL
);


ALTER TABLE public.lab_tests OWNER TO admin;

--
-- Name: patient_information; Type: TABLE; Schema: public; Owner: admin
--

CREATE TABLE public.patient_information (
    patient_id bigint NOT NULL,
    first_name text NOT NULL,
    last_name text NOT NULL,
    date_of_birth date NOT NULL,
    primary_physician text,
    insurance_provider text,
    blood_type text,
    allergies text
);


ALTER TABLE public.patient_information OWNER TO admin;

--
-- Data for Name: admissions; Type: TABLE DATA; Schema: public; Owner: admin
--

COPY public.admissions (hospitalization_case_number, patient_id, admission_date, admission_time, release_date, release_time, department, room_number) FROM stdin;
7792223	727851	2022-03-20	05:20:00	\N	\N	Cardiology	305A
6111668	134007	2018-10-10	17:58:00	2018-10-21	16:08:00	Neurology	410B
2506625	410357	2018-05-05	12:04:00	\N	\N	Orthopedics	208C
4757402	833396	2018-12-21	11:50:00	2018-12-31	12:27:00	Oncology	512A
8557170	852164	2022-04-09	02:27:00	2022-04-20	10:24:00	Gastroenterology	307B
6021421	370434	2020-03-05	02:39:00	\N	\N	Pulmonology	405C
5013296	600561	2023-10-28	21:28:00	2023-11-17	16:32:00	Nephrology	209A
3318124	752772	2018-04-28	05:53:00	2018-05-18	17:56:00	Endocrinology	411B
5885604	190107	2016-06-07	06:05:00	2016-06-26	13:26:00	Urology	306C
8207330	363409	2017-01-24	13:08:00	2017-02-08	16:40:00	Cardiology	508A
9578069	252570	2017-10-22	17:31:00	\N	\N	Cardiology	268C
7168386	814955	2016-02-28	14:26:00	\N	\N	Emergency Medicine	310D
8131810	981200	2019-11-08	04:25:00	2019-11-19	17:13:00	Orthopedics	383C
6486735	928532	2018-12-25	00:05:00	2019-01-14	12:29:00	Neurology	241D
2498276	840242	2024-11-08	17:51:00	2024-11-26	11:07:00	Internal Medicine	311D
2593817	961440	2024-10-29	08:56:00	\N	\N	Pediatrics	49D
8816666	622304	2018-12-23	00:47:00	2019-01-11	16:23:00	General Surgery	517D
7315077	268496	2020-06-23	18:54:00	\N	\N	Oncology	118C
6120396	190757	2016-09-20	03:35:00	2016-10-04	12:36:00	Obstetrics and Gynecology	89A
8610864	130741	2024-03-04	06:13:00	\N	\N	Radiology	723B
8451918	925086	2023-01-22	12:36:00	2023-02-05	14:22:00	Emergency Medicine	144D
8159401	240596	2019-01-06	13:07:00	\N	\N	Cardiology	874C
5431473	908726	2021-06-26	15:55:00	2021-07-16	12:34:00	Psychiatry	340B
5788496	411057	2019-07-26	06:22:00	2019-07-28	11:28:00	Gastroenterology	72D
5576307	870265	2020-01-20	21:49:00	2020-02-05	16:18:00	Urology	467B
5462728	264619	2023-11-08	10:10:00	2023-11-20	17:34:00	Pulmonology	266C
2290873	694834	2024-05-27	16:20:00	\N	\N	Pediatrics	631C
6565450	844659	2017-08-02	23:34:00	\N	\N	Orthopedics	53D
9399818	307243	2024-10-18	15:45:00	2024-10-21	12:02:00	Neurosurgery	217D
6260839	692268	2017-07-07	22:04:00	2017-07-23	14:12:00	Internal Medicine	437A
2343670	807245	2022-03-02	15:14:00	2022-03-18	17:19:00	Cardiology	36D
2101617	397101	2020-11-13	05:43:00	\N	\N	Emergency Medicine	238D
1937680	969489	2016-04-10	10:20:00	2016-04-19	14:07:00	Hematology	711D
6974935	253893	2019-05-13	15:55:00	2019-05-31	14:40:00	Nephrology	535B
5657913	482135	2019-08-18	09:01:00	\N	\N	Endocrinology	170B
5304719	311715	2016-05-13	13:14:00	\N	\N	Oncology	800C
4282334	633168	2020-10-14	22:36:00	\N	\N	Dermatology	238D
2896821	880856	2023-11-27	04:51:00	\N	\N	General Surgery	111D
9910297	658301	2019-12-24	02:02:00	\N	\N	Anesthesiology	830B
1307195	180005	2021-07-12	06:00:00	2021-08-01	15:35:00	Pediatrics	663D
7709450	638982	2024-11-16	18:28:00	2024-11-23	13:15:00	Radiology	659D
5407637	502154	2024-02-19	13:10:00	\N	\N	Orthopedics	60D
4508175	899598	2019-10-22	09:54:00	2019-10-27	17:33:00	Cardiology	322B
7333291	881548	2024-03-12	23:55:00	2024-03-31	13:06:00	Neurology	35C
9643163	884845	2022-07-19	06:53:00	2022-07-31	13:25:00	Emergency Medicine	469B
5026867	952093	2016-03-17	22:49:00	\N	\N	Intensive Care Unit (ICU)	492A
7380635	958139	2022-04-04	08:10:00	2022-04-21	14:50:00	Internal Medicine	187D
4592589	562788	2018-06-10	23:33:00	\N	\N	Obstetrics and Gynecology	569B
1116064	870174	2021-08-19	05:55:00	2021-08-27	10:28:00	Ophthalmology	250C
6975241	561697	2023-06-25	05:09:00	2023-07-12	11:08:00	Psychiatry	104A
4297294	830609	2022-11-10	20:12:00	\N	\N	Oncology	764B
8563805	272739	2016-07-04	03:02:00	2016-07-06	16:35:00	Cardiology	199A
7251081	230872	2022-10-23	19:22:00	\N	\N	Gastroenterology	143A
7053320	950364	2024-01-03	15:00:00	\N	\N	Pediatrics	438D
3480723	739871	2023-11-25	00:44:00	2023-12-09	11:40:00	Orthopedics	394D
1791405	934970	2018-10-04	17:06:00	\N	\N	Emergency Medicine	796A
6465200	687792	2016-06-05	22:52:00	2016-06-15	10:30:00	Urology	607C
5286957	915788	2021-11-25	19:17:00	2021-12-10	13:11:00	General Surgery	50D
1966873	514090	2016-08-24	03:46:00	\N	\N	Pulmonology	50B
7107715	279551	2018-01-29	21:51:00	\N	\N	Neurology	34B
7549164	930459	2021-12-12	08:58:00	\N	\N	Internal Medicine	800A
8971529	529611	2017-06-05	11:37:00	2017-06-20	13:39:00	Cardiology	55C
4637605	576026	2019-02-16	09:25:00	\N	\N	Radiology	819B
6014397	855629	2017-04-05	22:41:00	\N	\N	Hematology	889A
9512529	962139	2021-04-19	14:08:00	\N	\N	Pediatrics	830C
4458673	673413	2020-08-09	02:45:00	\N	\N	Emergency Medicine	652A
1100406	845841	2018-12-23	12:57:00	\N	\N	Oncology	58B
1809783	495149	2021-03-03	10:38:00	\N	\N	Nephrology	539A
5100150	281955	2017-03-14	23:52:00	\N	\N	Orthopedics	275A
6272528	584686	2018-02-15	22:01:00	\N	\N	Psychiatry	22C
6622592	661814	2019-06-12	01:23:00	\N	\N	Obstetrics and Gynecology	149D
3932291	560960	2017-06-17	23:43:00	\N	\N	Cardiology	192B
4183973	674680	2019-03-28	07:36:00	\N	\N	Internal Medicine	142D
9916788	885266	2017-03-22	09:39:00	2017-03-27	10:36:00	Dermatology	776A
2140786	974672	2018-07-19	13:02:00	\N	\N	Neurosurgery	753B
3905207	917942	2018-12-01	16:20:00	\N	\N	Pediatrics	485D
3813118	739094	2024-10-02	18:45:00	\N	\N	Emergency Medicine	643C
7039625	465318	2024-10-06	21:56:00	\N	\N	General Surgery	769C
7961179	462901	2020-04-24	20:05:00	\N	\N	Anesthesiology	621A
8214432	344164	2024-10-29	19:46:00	\N	\N	Oncology	3D
7565600	631340	2023-09-17	06:09:00	2023-09-28	17:11:00	Gastroenterology	395B
7460409	134408	2018-02-24	20:42:00	2018-03-02	16:20:00	Cardiology	535A
3142051	788391	2018-09-21	03:01:00	\N	\N	Orthopedics	393D
6428263	150121	2017-05-06	19:11:00	2017-05-07	13:44:00	Radiology	7B
3986632	790581	2023-05-08	04:58:00	\N	\N	Pulmonology	782C
7930308	677485	2017-04-08	13:13:00	\N	\N	Internal Medicine	631B
9707286	403985	2017-09-29	10:28:00	2017-10-15	12:01:00	Pediatrics	662A
4877157	758046	2017-08-25	08:43:00	\N	\N	Emergency Medicine	877D
8321302	470441	2016-04-16	02:35:00	2016-05-04	11:25:00	Urology	784B
7398317	427629	2023-03-03	06:49:00	\N	\N	Neurology	656B
3778032	867165	2017-10-22	10:54:00	2017-10-27	12:07:00	Hematology	385C
2251382	150020	2021-10-05	06:49:00	\N	\N	Psychiatry	582D
7453513	621226	2019-11-20	15:59:00	\N	\N	Oncology	547B
6984865	729363	2020-08-29	00:43:00	\N	\N	Intensive Care Unit (ICU)	45D
4429473	956946	2016-09-23	11:04:00	\N	\N	Cardiology	101B
4545804	473147	2024-06-12	01:29:00	\N	\N	General Surgery	366B
4948445	844688	2016-06-18	14:06:00	2016-07-03	14:27:00	Orthopedics	679A
7827103	695938	2018-08-22	02:53:00	2018-09-09	12:54:00	Endocrinology	85D
7580548	714290	2024-03-22	07:14:00	2024-04-11	11:52:00	Pediatrics	201D
8883574	242375	2016-12-20	16:25:00	\N	\N	Internal Medicine	517C
90001	1000001	2025-12-15	08:00:00	\N	\N	Cardiology	101A
90003	1000003	2025-12-16	09:30:00	\N	\N	Oncology	103C
90005	1000005	2025-12-14	07:45:00	\N	\N	Gastroenterology	105B
90002	1000002	2025-12-13	10:00:00	2025-12-17	12:00:00	Neurology	102B
90004	1000004	2025-12-12	11:00:00	2025-12-16	15:00:00	Pulmonology	104C
\.


--
-- Data for Name: lab_results; Type: TABLE DATA; Schema: public; Owner: admin
--

COPY public.lab_results (result_id, test_id, result_value, result_unit, reference_range, result_status, performed_date, performed_time, reviewing_physician) FROM stdin;
188750	55274	0.8887474439	K/uL, M/uL, g/dL, %, K/uL	NA	Normal	2024-09-10	04:06:23	NA
315920	72580	0.6230369338	mmol/L, mmol/L, mmol/L, mmol/L, mg/dL, mg/dL, mg/dL	NA	Normal	2023-07-09	21:47:31	NA
680940	63823	0.7863560275	mg/dL	NA	Normal	2017-02-07	13:51:44	NA
865123	27888	0.4607873255	mIU/L	NA	Normal	2018-08-19	04:16:53	NA
829904	84358	0.7427089951	N/A	NA	Normal	2019-08-20	20:26:01	NA
914691	53980	0.3926925492	%	NA	Normal	2016-08-04	03:13:02	NA
658794	21683	0.6988177403	ng/mL	NA	Normal	2024-03-18	13:44:34	NA
841774	45992	0.2019292728	N/A	NA	Normal	2024-08-13	05:44:02	NA
758215	37069	0.2684634653	U/L, U/L, U/L, mg/dL	NA	Normal	2023-05-02	04:06:21	NA
682420	13121	0.3471653943	N/A	NA	Normal	2016-02-05	15:35:24	NA
554397	70102	0.05891772316	K/uL, M/uL, g/dL, %, K/uL	NA	Abnormal Low	2024-03-02	11:26:21	NA
812088	45131	0.1184338169	mmol/L, mmol/L, mmol/L, mmol/L, mg/dL, mg/dL, mg/dL	NA	Normal	2023-01-01	22:50:02	NA
774875	37788	0.8070479028	mg/dL	NA	Normal	2024-04-18	23:58:32	NA
561795	88926	0.2626194223	mIU/L	NA	Normal	2018-06-12	13:14:14	NA
885736	71971	0.2535346007	N/A	NA	Normal	2018-04-18	03:22:06	NA
691436	33371	0.6456670702	%	NA	Normal	2024-03-02	09:26:54	NA
320513	79509	0.5965258276	ng/mL	NA	Normal	2022-11-02	21:26:44	NA
371929	38051	0.5827537968	N/A	NA	Normal	2017-08-24	23:27:10	NA
862945	80148	0.2898391159	U/L, U/L, U/L, mg/dL	NA	Normal	2017-10-18	01:04:37	NA
219591	97586	0.3577953137	N/A	NA	Normal	2021-06-21	13:27:47	NA
929363	15599	0.1346801053	K/uL, M/uL, g/dL, %, K/uL	NA	Normal	2020-09-10	18:39:53	NA
256400	47664	0.4324646179	mmol/L, mmol/L, mmol/L, mmol/L, mg/dL, mg/dL, mg/dL	NA	Normal	2020-07-17	12:11:55	NA
861581	18617	0.1407809602	mg/dL	NA	Normal	2017-08-15	03:35:51	NA
823610	11798	0.1282155562	mIU/L	NA	Normal	2016-06-06	06:33:50	NA
948545	27912	0.6640095502	N/A	NA	Normal	2017-01-15	20:27:25	NA
371092	78404	0.5715669215	%	NA	Normal	2017-01-05	12:28:22	NA
250628	96582	0.3521163846	ng/mL	NA	Normal	2016-01-19	15:27:07	NA
156324	27773	0.2951863829	N/A	NA	Normal	2024-09-14	04:30:12	NA
780546	26277	0.515754509	U/L, U/L, U/L, mg/dL	NA	Normal	2019-12-26	07:42:53	NA
873432	24163	0.6603121695	N/A	NA	Normal	2021-04-29	03:18:42	NA
171067	59687	0.5837359841	K/uL, M/uL, g/dL, %, K/uL	NA	Normal	2021-07-03	01:48:56	NA
260212	21970	0.7380854486	mmol/L, mmol/L, mmol/L, mmol/L, mg/dL, mg/dL, mg/dL	NA	Normal	2018-04-02	08:03:50	NA
223844	16720	0.2733088744	mg/dL	NA	Normal	2023-05-23	04:52:02	NA
798585	34621	0.1898807424	mIU/L	NA	Normal	2024-01-12	13:59:52	NA
123006	88667	0.3098108196	N/A	NA	Normal	2016-02-18	02:17:15	NA
888107	43327	0.2042895983	%	NA	Normal	2018-10-28	11:58:59	NA
119190	72246	0.8452589671	ng/mL	NA	Normal	2017-04-22	02:36:56	NA
972674	89415	0.5687249051	N/A	NA	Normal	2017-01-21	21:59:35	NA
947260	46889	0.8602824399	U/L, U/L, U/L, mg/dL	NA	Normal	2020-05-25	22:05:39	NA
584614	64471	0.3174943294	N/A	NA	Normal	2019-01-26	04:12:36	NA
657147	52432	0.5744228826	K/uL, M/uL, g/dL, %, K/uL	NA	Normal	2021-12-07	07:14:12	NA
318299	56048	0.1495827839	mmol/L, mmol/L, mmol/L, mmol/L, mg/dL, mg/dL, mg/dL	NA	Normal	2018-01-28	20:00:29	NA
480660	89945	0.3504801323	mg/dL	NA	Normal	2023-10-28	20:49:25	NA
595052	48309	0.4453597448	mIU/L	NA	Normal	2018-11-23	13:57:28	NA
266313	33145	0.4516459145	N/A	NA	Normal	2018-03-26	23:55:51	NA
653424	78006	0.4321790215	%	NA	Normal	2022-11-20	14:24:32	NA
723512	63585	0.8161568679	ng/mL	NA	Normal	2020-11-29	16:44:44	NA
422391	15453	0.007690029935	N/A	NA	Abnormal Low	2021-02-19	14:00:32	NA
581009	34447	0.3517415475	U/L, U/L, U/L, mg/dL	NA	Normal	2017-08-03	15:15:02	NA
671110	58533	0.283073707	N/A	NA	Normal	2019-09-03	10:29:46	NA
882284	92204	0.04799285606	K/uL, M/uL, g/dL, %, K/uL	NA	Abnormal Low	2021-10-28	09:36:29	NA
596855	68789	0.8659242785	mmol/L, mmol/L, mmol/L, mmol/L, mg/dL, mg/dL, mg/dL	NA	Normal	2017-04-03	02:47:12	NA
182246	45448	0.9638491783	mg/dL	NA	Abnormal High	2019-03-10	05:52:44	NA
214648	29944	0.7768155189	mIU/L	NA	Normal	2023-07-02	13:30:00	NA
140975	74945	0.202623674	N/A	NA	Normal	2018-01-04	12:32:53	NA
657749	39774	0.1505362594	%	NA	Normal	2018-01-06	14:49:05	NA
816436	12625	0.7496135691	ng/mL	NA	Normal	2021-11-26	16:52:14	NA
930308	10647	0.1815014858	N/A	NA	Normal	2024-11-24	01:34:57	NA
170544	91931	0.2565075488	U/L, U/L, U/L, mg/dL	NA	Normal	2016-08-15	16:23:56	NA
172555	17023	0.2550117457	N/A	NA	Normal	2021-02-05	04:53:49	NA
722564	41798	0.8299731287	K/uL, M/uL, g/dL, %, K/uL	NA	Normal	2020-09-21	19:58:29	NA
388207	65074	0.6870398742	mmol/L, mmol/L, mmol/L, mmol/L, mg/dL, mg/dL, mg/dL	NA	Normal	2023-02-02	16:09:56	NA
807368	68199	0.764454515	mg/dL	NA	Normal	2023-04-07	09:47:19	NA
434443	63985	0.7533915443	mIU/L	NA	Normal	2022-02-21	12:13:31	NA
440460	29527	0.1749771955	N/A	NA	Normal	2020-05-04	06:15:47	NA
510771	46656	0.7058592841	%	NA	Normal	2021-11-25	00:46:51	NA
518921	95901	0.1863975537	ng/mL	NA	Normal	2023-11-12	23:00:26	NA
286085	11749	0.6829392887	N/A	NA	Normal	2023-11-08	23:08:51	NA
830305	98797	0.850935475	U/L, U/L, U/L, mg/dL	NA	Normal	2021-04-23	07:39:53	NA
337745	60294	0.9635010339	N/A	NA	Abnormal High	2018-07-24	10:05:52	NA
327681	10132	0.2539940027	K/uL, M/uL, g/dL, %, K/uL	NA	Normal	2020-11-07	12:42:36	NA
215040	70235	0.9743130675	mmol/L, mmol/L, mmol/L, mmol/L, mg/dL, mg/dL, mg/dL	NA	Abnormal High	2024-05-22	11:04:38	NA
206641	69978	0.3653352162	mg/dL	NA	Normal	2021-04-01	17:59:00	NA
486961	10729	0.14047843	mIU/L	NA	Normal	2019-08-14	21:38:28	NA
882723	59883	0.4629030217	N/A	NA	Normal	2023-12-18	21:23:21	NA
653941	20227	0.8086904407	%	NA	Normal	2021-01-17	20:04:52	NA
278980	31308	0.3423448788	ng/mL	NA	Normal	2022-05-15	07:42:24	NA
640808	38973	0.526981008	N/A	NA	Normal	2018-01-02	14:38:05	NA
752562	80989	0.797093135	U/L, U/L, U/L, mg/dL	NA	Normal	2019-08-11	06:10:17	NA
497336	91148	0.3346163445	N/A	NA	Normal	2020-04-11	05:17:22	NA
895421	14507	0.8603555536	K/uL, M/uL, g/dL, %, K/uL	NA	Normal	2024-11-06	06:07:28	NA
199811	40686	0.00844751619	mmol/L, mmol/L, mmol/L, mmol/L, mg/dL, mg/dL, mg/dL	NA	Abnormal Low	2024-10-06	16:29:14	NA
262495	36541	0.2182910493	mg/dL	NA	Normal	2021-01-25	06:06:38	NA
916303	90779	0.486914494	mIU/L	NA	Normal	2020-09-02	19:14:07	NA
405775	96001	0.7878946371	N/A	NA	Normal	2024-02-26	14:57:13	NA
696774	77382	0.7127265405	%	NA	Normal	2023-05-17	07:40:01	NA
115041	27727	0.2866916059	ng/mL	NA	Normal	2017-12-22	18:38:04	NA
311755	37545	0.6158220524	N/A	NA	Normal	2023-10-19	02:43:58	NA
296300	74312	0.3653784693	U/L, U/L, U/L, mg/dL	NA	Normal	2021-11-15	04:59:07	NA
757593	42242	0.8184892249	N/A	NA	Normal	2017-02-11	18:03:22	NA
813010	54411	0.5183055234	K/uL, M/uL, g/dL, %, K/uL	NA	Normal	2023-05-25	08:15:13	NA
697930	90011	0.2565788016	mmol/L, mmol/L, mmol/L, mmol/L, mg/dL, mg/dL, mg/dL	NA	Normal	2019-11-25	02:41:22	NA
799433	52956	0.09755395752	mg/dL	NA	Abnormal Low	2017-11-14	14:25:50	NA
928178	35781	0.3497536834	mIU/L	NA	Normal	2018-09-06	09:07:17	NA
851340	22955	0.7298304104	N/A	NA	Normal	2018-12-18	19:37:19	NA
748574	92059	0.648021508	%	NA	Normal	2023-09-13	02:11:08	NA
848791	87909	0.7451119409	ng/mL	NA	Normal	2018-01-13	16:54:37	NA
260834	45628	0.2628257787	N/A	NA	Normal	2019-08-19	06:24:51	NA
156044	72483	0.6736876233	U/L, U/L, U/L, mg/dL	NA	Normal	2016-02-16	20:36:31	NA
770163	20849	0.5433050344	N/A	NA	Normal	2016-04-14	16:10:53	NA
932258	81341	0.8338375038	K/uL, M/uL, g/dL, %, K/uL	NA	Normal	2024-02-18	13:07:37	NA
567995	34302	0.7696569962	mmol/L, mmol/L, mmol/L, mmol/L, mg/dL, mg/dL, mg/dL	NA	Normal	2023-03-26	10:54:08	NA
726423	46147	0.7238756967	mg/dL	NA	Normal	2023-02-07	16:29:17	NA
988784	67118	0.4466916689	mIU/L	NA	Normal	2020-07-04	21:27:48	NA
594080	99445	0.6357959604	N/A	NA	Normal	2022-02-20	15:58:36	NA
906381	90100	0.6355644147	%	NA	Normal	2021-01-21	05:13:42	NA
280160	92386	0.2375485788	ng/mL	NA	Normal	2016-12-05	17:57:03	NA
550355	24633	0.6574208367	N/A	NA	Normal	2022-02-07	14:41:25	NA
650692	90598	0.01943504138	U/L, U/L, U/L, mg/dL	NA	Abnormal Low	2024-11-18	12:56:54	NA
950482	49609	0.1394541453	N/A	NA	Normal	2019-11-14	08:27:07	NA
510043	35208	0.4877354347	K/uL, M/uL, g/dL, %, K/uL	NA	Normal	2018-11-18	03:54:34	NA
637426	12465	0.4049912082	mmol/L, mmol/L, mmol/L, mmol/L, mg/dL, mg/dL, mg/dL	NA	Normal	2018-01-20	07:52:56	NA
614384	89567	0.9141177528	mg/dL	NA	Normal	2018-10-21	10:51:29	NA
650646	61197	0.4911341345	mIU/L	NA	Normal	2022-06-11	04:24:56	NA
335672	69783	0.7393754195	N/A	NA	Normal	2021-06-13	07:32:57	NA
900070	44840	0.9197580588	%	NA	Normal	2016-12-19	12:24:59	NA
863924	79005	0.3894821943	ng/mL	NA	Normal	2021-08-18	10:23:35	NA
148132	19374	0.7629977071	N/A	NA	Normal	2024-05-15	07:46:12	NA
773948	22239	0.123849953	U/L, U/L, U/L, mg/dL	NA	Normal	2019-04-20	02:40:12	NA
783228	66096	0.498568648	N/A	NA	Normal	2021-03-25	22:57:36	NA
261924	66723	0.5111583008	K/uL, M/uL, g/dL, %, K/uL	NA	Normal	2024-04-20	13:17:03	NA
837171	50598	0.8123051331	mmol/L, mmol/L, mmol/L, mmol/L, mg/dL, mg/dL, mg/dL	NA	Normal	2016-02-05	16:41:01	NA
258016	60625	0.4564516042	mg/dL	NA	Normal	2020-06-23	16:42:06	NA
708361	52111	0.4972287923	mIU/L	NA	Normal	2018-10-14	08:12:37	NA
594975	85835	0.2017534211	N/A	NA	Normal	2017-11-11	04:22:25	NA
122340	43321	0.2454847776	%	NA	Normal	2024-06-26	15:53:58	NA
905960	69322	0.03673765226	ng/mL	NA	Abnormal Low	2021-10-27	00:28:45	NA
933368	36116	0.7099142279	N/A	NA	Normal	2018-02-07	10:52:37	NA
304490	91366	0.3096522089	U/L, U/L, U/L, mg/dL	NA	Normal	2017-11-22	05:14:50	NA
218539	47222	0.2073217059	N/A	NA	Normal	2017-03-22	20:31:59	NA
977730	47305	0.773473213	K/uL, M/uL, g/dL, %, K/uL	NA	Normal	2024-08-13	09:16:07	NA
271478	73805	0.7802105743	mmol/L, mmol/L, mmol/L, mmol/L, mg/dL, mg/dL, mg/dL	NA	Normal	2021-08-28	23:13:15	NA
283723	23645	0.9680587218	mg/dL	NA	Abnormal High	2022-12-18	03:47:13	NA
980344	29414	0.6655962457	mIU/L	NA	Normal	2016-12-26	00:17:05	NA
161643	21583	0.6838772067	N/A	NA	Normal	2023-01-17	05:52:20	NA
897193	79181	0.129286115	%	NA	Normal	2023-09-03	22:59:54	NA
139537	75505	0.1128415422	ng/mL	NA	Normal	2017-11-07	16:34:03	NA
927740	79721	0.9056804773	N/A	NA	Normal	2024-09-09	06:35:18	NA
700224	15035	0.9311423008	U/L, U/L, U/L, mg/dL	NA	Abnormal High	2019-12-10	01:20:20	NA
405308	38662	0.383771755	N/A	NA	Normal	2019-01-03	08:04:48	NA
756318	71503	0.7201252476	K/uL, M/uL, g/dL, %, K/uL	NA	Normal	2016-09-29	12:08:57	NA
356022	63870	0.1497965176	mmol/L, mmol/L, mmol/L, mmol/L, mg/dL, mg/dL, mg/dL	NA	Normal	2019-04-21	13:28:39	NA
799251	38766	0.08470730086	mg/dL	NA	Abnormal Low	2022-01-07	06:42:09	NA
717723	65347	0.4392429062	mIU/L	NA	Normal	2021-08-03	20:40:47	NA
653773	98997	0.9232053055	N/A	NA	Abnormal High	2019-03-04	10:14:47	NA
879050	36836	0.5720845766	%	NA	Normal	2024-07-22	15:39:26	NA
463579	15729	0.2145186086	ng/mL	NA	Normal	2018-04-02	19:10:32	NA
851899	80996	0.1047686252	N/A	NA	Normal	2021-06-07	17:56:45	NA
100423	11319	0.673244814	U/L, U/L, U/L, mg/dL	NA	Normal	2020-08-28	17:01:11	NA
857139	69797	0.4933253495	N/A	NA	Normal	2021-12-04	15:41:57	NA
968653	62741	0.7635254461	K/uL, M/uL, g/dL, %, K/uL	NA	Normal	2024-03-09	11:25:15	NA
974774	27386	0.7398130833	mmol/L, mmol/L, mmol/L, mmol/L, mg/dL, mg/dL, mg/dL	NA	Normal	2024-01-15	12:02:52	NA
230187	16641	0.01934569743	mg/dL	NA	Abnormal Low	2021-03-23	22:28:20	NA
403519	70129	0.2081057025	mIU/L	NA	Normal	2018-06-24	21:32:25	NA
907540	21016	0.8819105689	N/A	NA	Normal	2022-09-10	22:56:10	NA
866376	44226	0.4168453208	%	NA	Normal	2017-06-19	05:26:52	NA
810776	20223	0.4009690174	ng/mL	NA	Normal	2022-07-19	05:32:30	NA
846590	46250	0.7224125835	N/A	NA	Normal	2017-02-03	07:50:30	NA
349960	98142	0.05206688522	U/L, U/L, U/L, mg/dL	NA	Abnormal Low	2020-10-04	01:20:22	NA
608506	80303	0.9213331232	N/A	NA	Abnormal High	2024-04-20	08:25:50	NA
429481	53959	0.5693120846	K/uL, M/uL, g/dL, %, K/uL	NA	Normal	2021-03-21	13:31:12	NA
749141	92572	0.6610846514	mmol/L, mmol/L, mmol/L, mmol/L, mg/dL, mg/dL, mg/dL	NA	Normal	2019-07-22	00:29:52	NA
311933	31676	0.3850874647	mg/dL	NA	Normal	2024-12-24	05:02:18	NA
595601	24926	0.3353676766	mIU/L	NA	Normal	2017-10-29	02:01:01	NA
194470	60985	0.8841328275	N/A	NA	Normal	2020-05-23	05:44:56	NA
750254	66189	0.7422473901	%	NA	Normal	2017-03-04	20:37:54	NA
362536	31861	0.927544928	ng/mL	NA	Abnormal High	2019-03-06	05:33:19	NA
437258	41209	0.04198514096	N/A	NA	Abnormal Low	2019-10-02	13:45:41	NA
297839	96894	0.76864464	U/L, U/L, U/L, mg/dL	NA	Normal	2023-10-06	10:46:10	NA
200767	48264	0.5098019275	N/A	NA	Normal	2017-02-19	09:21:42	NA
587705	27288	0.681593356	K/uL, M/uL, g/dL, %, K/uL	NA	Normal	2021-10-24	23:16:21	NA
284873	24756	0.7343226798	mmol/L, mmol/L, mmol/L, mmol/L, mg/dL, mg/dL, mg/dL	NA	Normal	2021-01-09	21:23:05	NA
250455	40964	0.0474880973	mg/dL	NA	Abnormal Low	2024-12-13	16:38:15	NA
609004	63059	0.465233314	mIU/L	NA	Normal	2016-08-16	14:46:23	NA
790102	32960	0.8119340484	N/A	NA	Normal	2016-02-25	18:20:01	NA
968470	35983	0.4170656731	%	NA	Normal	2019-09-09	12:08:15	NA
778005	88420	0.7414180478	ng/mL	NA	Normal	2022-09-29	01:38:05	NA
999867	46005	0.3464498832	N/A	NA	Normal	2019-10-19	13:01:54	NA
228771	30451	0.68994445	U/L, U/L, U/L, mg/dL	NA	Normal	2024-02-24	05:20:32	NA
874031	44817	0.4472142393	N/A	NA	Normal	2019-09-14	22:57:25	NA
562684	53766	0.6472281369	K/uL, M/uL, g/dL, %, K/uL	NA	Normal	2016-08-26	02:43:56	NA
817479	22200	0.06405986784	mmol/L, mmol/L, mmol/L, mmol/L, mg/dL, mg/dL, mg/dL	NA	Abnormal Low	2016-07-12	10:52:21	NA
292643	17120	0.008276719842	mg/dL	NA	Abnormal Low	2024-12-21	10:55:19	NA
426523	99661	0.3770164679	mIU/L	NA	Normal	2016-11-13	23:00:48	NA
425618	41919	0.6925672273	N/A	NA	Normal	2023-09-14	23:07:40	NA
869199	58469	0.7244369582	%	NA	Normal	2023-11-09	23:17:18	NA
257903	46829	0.1884909967	ng/mL	NA	Normal	2016-10-15	04:19:34	NA
769254	74753	0.7339869315	N/A	NA	Normal	2021-04-18	08:47:28	NA
971366	89400	0.6226847564	U/L, U/L, U/L, mg/dL	NA	Normal	2018-11-24	05:38:02	NA
217171	55711	0.2441225144	N/A	NA	Normal	2017-08-23	04:57:17	NA
400819	69492	0.699795654	K/uL, M/uL, g/dL, %, K/uL	NA	Normal	2021-02-11	12:05:06	NA
946357	46278	0.9012488848	mmol/L, mmol/L, mmol/L, mmol/L, mg/dL, mg/dL, mg/dL	NA	Normal	2023-12-25	08:15:02	NA
757749	79818	0.04977590076	mg/dL	NA	Abnormal Low	2024-02-24	23:11:26	NA
772468	56352	0.2915559924	mIU/L	NA	Normal	2023-07-21	19:09:34	NA
824835	10855	0.708724961	N/A	NA	Normal	2018-02-20	11:05:02	NA
901921	24387	0.9460088319	%	NA	Abnormal High	2018-03-15	01:02:23	NA
511781	62044	0.2754787079	ng/mL	NA	Normal	2024-08-25	19:34:14	NA
336435	28556	0.6798221043	N/A	NA	Normal	2018-01-22	04:07:38	NA
213567	18861	0.6875922941	U/L, U/L, U/L, mg/dL	NA	Normal	2019-10-13	00:11:22	NA
506635	78715	0.5847929709	N/A	NA	Normal	2020-12-11	13:43:10	NA
185602	14785	0.5832095349	K/uL, M/uL, g/dL, %, K/uL	NA	Normal	2021-12-13	17:20:13	NA
464064	78312	0.8780474293	mmol/L, mmol/L, mmol/L, mmol/L, mg/dL, mg/dL, mg/dL	NA	Normal	2022-02-21	19:57:21	NA
539798	63676	0.223814755	mg/dL	NA	Normal	2016-08-10	23:42:17	NA
710826	80196	0.4711445631	mIU/L	NA	Normal	2020-07-07	21:04:47	NA
935109	74373	0.8894052671	N/A	NA	Normal	2019-12-09	18:37:57	NA
494958	85130	0.009274705589	%	NA	Abnormal Low	2020-11-15	15:35:49	NA
744629	57768	0.2927130716	ng/mL	NA	Normal	2023-02-17	01:06:23	NA
601353	13242	0.644802421	N/A	NA	Normal	2021-12-14	17:54:25	NA
708336	62286	0.7413736068	U/L, U/L, U/L, mg/dL	NA	Normal	2021-01-02	00:57:14	NA
408933	23857	0.5590888839	N/A	NA	Normal	2023-12-26	04:03:32	NA
950702	38905	0.6831482895	K/uL, M/uL, g/dL, %, K/uL	NA	Normal	2024-08-02	13:29:07	NA
309104	86249	0.290950096	mmol/L, mmol/L, mmol/L, mmol/L, mg/dL, mg/dL, mg/dL	NA	Normal	2023-12-20	23:51:59	NA
850720	59113	0.6543357578	mg/dL	NA	Normal	2017-12-25	07:11:59	NA
215313	18844	0.03196352712	mIU/L	NA	Abnormal Low	2016-07-26	22:12:19	NA
288674	51837	0.09836456682	N/A	NA	Abnormal Low	2016-06-10	09:45:46	NA
473657	76233	0.9239468247	%	NA	Abnormal High	2024-07-25	04:18:27	NA
469940	67815	0.6913786566	ng/mL	NA	Normal	2019-08-05	08:18:39	NA
977686	28411	0.9612421385	N/A	NA	Abnormal High	2019-07-03	18:53:05	NA
797141	25698	0.6936655301	U/L, U/L, U/L, mg/dL	NA	Normal	2018-05-03	05:13:17	NA
922176	87566	0.7320202018	N/A	NA	Normal	2024-11-10	18:11:28	NA
954390	93346	0.00741639485	K/uL, M/uL, g/dL, %, K/uL	NA	Abnormal Low	2024-11-17	05:52:33	NA
409141	54331	0.003863909557	mmol/L, mmol/L, mmol/L, mmol/L, mg/dL, mg/dL, mg/dL	NA	Abnormal Low	2021-10-15	07:09:19	NA
202744	89917	0.4580587928	mg/dL	NA	Normal	2022-08-28	22:46:29	NA
260745	99313	0.09772234008	mIU/L	NA	Abnormal Low	2023-01-09	16:13:29	NA
406145	95923	0.8018935033	N/A	NA	Normal	2023-11-16	06:28:50	NA
847006	30395	0.3323889146	%	NA	Normal	2022-10-08	18:37:42	NA
899442	43095	0.8987619143	ng/mL	NA	Normal	2017-10-22	03:27:46	NA
408044	38465	0.2435201738	N/A	NA	Normal	2020-03-26	20:48:13	NA
531882	99523	0.7548459122	U/L, U/L, U/L, mg/dL	NA	Normal	2021-10-27	13:50:14	NA
430554	88534	0.1745727792	N/A	NA	Normal	2024-03-28	09:24:48	NA
223712	63604	0.9454700328	K/uL, M/uL, g/dL, %, K/uL	NA	Abnormal High	2018-05-15	15:31:59	NA
523656	18861	0.5427121302	mmol/L, mmol/L, mmol/L, mmol/L, mg/dL, mg/dL, mg/dL	NA	Normal	2017-01-01	05:03:59	NA
333296	51623	0.5570673922	mg/dL	NA	Normal	2023-01-12	13:14:56	NA
360440	33842	0.1446867282	mIU/L	NA	Normal	2020-11-01	05:48:45	NA
265965	23204	0.8555438388	N/A	NA	Normal	2017-10-16	18:13:21	NA
696287	38889	0.2829327098	%	NA	Normal	2023-08-10	19:34:14	NA
752361	26818	0.5875129261	ng/mL	NA	Normal	2021-01-12	13:22:19	NA
914329	30936	0.9609735769	N/A	NA	Abnormal High	2021-04-14	19:06:44	NA
467466	80103	0.1717842206	U/L, U/L, U/L, mg/dL	NA	Normal	2019-03-26	13:51:50	NA
260779	76344	0.5728275609	N/A	NA	Normal	2022-08-03	03:37:23	NA
556165	95193	0.1397028757	K/uL, M/uL, g/dL, %, K/uL	NA	Normal	2021-07-29	10:54:29	NA
529652	10006	0.250075977	mmol/L, mmol/L, mmol/L, mmol/L, mg/dL, mg/dL, mg/dL	NA	Normal	2022-12-20	19:32:33	NA
226840	19877	0.4612172954	mg/dL	NA	Normal	2021-11-14	02:31:46	NA
107046	53758	0.6420514169	mIU/L	NA	Normal	2022-09-12	00:13:37	NA
791077	34647	0.8537744641	N/A	NA	Normal	2020-05-23	21:03:46	NA
941489	71137	0.4019683466	%	NA	Normal	2016-07-23	10:13:40	NA
480502	75039	0.6463222561	ng/mL	NA	Normal	2018-12-09	19:53:41	NA
228916	98338	0.0005619047565	N/A	NA	Abnormal Low	2018-02-27	23:52:58	NA
996628	78070	0.1719603968	U/L, U/L, U/L, mg/dL	NA	Normal	2018-02-25	14:44:16	NA
281205	26912	0.8578695146	N/A	NA	Normal	2018-10-27	08:21:25	NA
327357	21790	0.2293912159	K/uL, M/uL, g/dL, %, K/uL	NA	Normal	2016-09-27	09:08:45	NA
436366	43963	0.7952523447	mmol/L, mmol/L, mmol/L, mmol/L, mg/dL, mg/dL, mg/dL	NA	Normal	2017-03-27	10:18:36	NA
945789	15179	0.7026567646	mg/dL	NA	Normal	2016-04-13	18:00:33	NA
799821	63805	0.7888077222	mIU/L	NA	Normal	2024-06-14	05:42:16	NA
339665	16516	0.6062186997	N/A	NA	Normal	2018-04-25	15:00:27	NA
620724	81451	0.230287261	%	NA	Normal	2018-08-09	02:01:15	NA
870190	59942	0.3518756392	ng/mL	NA	Normal	2018-08-09	20:11:16	NA
178975	77553	0.8539560608	N/A	NA	Normal	2022-12-28	15:32:01	NA
539210	69156	0.9670765534	U/L, U/L, U/L, mg/dL	NA	Abnormal High	2021-07-28	08:58:22	NA
419192	85205	0.1020742394	N/A	NA	Normal	2017-03-08	18:31:46	NA
136371	66865	0.9607598914	K/uL, M/uL, g/dL, %, K/uL	NA	Abnormal High	2017-09-04	10:55:12	NA
231935	29585	0.6155504277	mmol/L, mmol/L, mmol/L, mmol/L, mg/dL, mg/dL, mg/dL	NA	Normal	2020-09-02	17:17:13	NA
920698	88895	0.9909365609	mg/dL	NA	Abnormal High	2021-04-05	22:41:59	NA
372354	18096	0.3406263078	mIU/L	NA	Normal	2016-06-27	21:03:07	NA
362287	55894	0.9739715457	N/A	NA	Abnormal High	2023-11-12	17:12:48	NA
377245	67918	0.2311485912	%	NA	Normal	2019-11-19	04:45:41	NA
272798	22068	0.6531625022	ng/mL	NA	Normal	2016-08-18	15:48:54	NA
506370	99680	0.9461394411	N/A	NA	Abnormal High	2018-07-01	06:13:08	NA
602053	21275	0.3561469614	U/L, U/L, U/L, mg/dL	NA	Normal	2018-03-25	07:54:40	NA
288430	47767	0.2441834104	N/A	NA	Normal	2024-08-02	17:40:46	NA
681335	24511	0.9873999886	K/uL, M/uL, g/dL, %, K/uL	NA	Abnormal High	2024-12-12	11:58:39	NA
200138	80187	0.8629298875	mmol/L, mmol/L, mmol/L, mmol/L, mg/dL, mg/dL, mg/dL	NA	Normal	2022-11-20	04:59:43	NA
581332	11212	0.5722453144	mg/dL	NA	Normal	2023-04-23	18:26:07	NA
584584	34383	0.6502090036	mIU/L	NA	Normal	2022-12-15	23:16:06	NA
198780	64896	0.5691508019	N/A	NA	Normal	2022-11-02	09:13:48	NA
916966	74549	0.1424462569	%	NA	Normal	2020-08-06	10:05:57	NA
435757	10581	0.9524996703	ng/mL	NA	Abnormal High	2016-10-15	05:22:06	NA
928740	60278	0.9289338735	N/A	NA	Abnormal High	2023-03-11	14:34:45	NA
929630	47627	0.8215259144	U/L, U/L, U/L, mg/dL	NA	Normal	2020-08-15	01:31:32	NA
890132	54508	0.2128920357	N/A	NA	Normal	2017-07-09	08:32:51	NA
990453	61790	0.173812567	K/uL, M/uL, g/dL, %, K/uL	NA	Normal	2016-08-04	07:57:51	NA
143564	22094	0.4010802572	mmol/L, mmol/L, mmol/L, mmol/L, mg/dL, mg/dL, mg/dL	NA	Normal	2021-06-12	07:50:08	NA
512097	87717	0.9829298199	mg/dL	NA	Abnormal High	2018-04-11	03:01:40	NA
352238	11938	0.1950640687	mIU/L	NA	Normal	2018-06-04	08:12:30	NA
719973	75986	0.906821119	N/A	NA	Normal	2016-10-12	07:29:57	NA
237254	45510	0.09430439152	%	NA	Abnormal Low	2019-04-21	21:04:47	NA
273220	79369	0.7219356742	ng/mL	NA	Normal	2021-06-12	15:50:20	NA
289341	37876	0.9823331462	N/A	NA	Abnormal High	2024-01-12	01:56:20	NA
944871	15000	0.9014892291	U/L, U/L, U/L, mg/dL	NA	Normal	2020-11-22	09:49:20	NA
156418	15282	0.2838574214	N/A	NA	Normal	2021-09-23	13:23:57	NA
296655	29480	0.9363693641	K/uL, M/uL, g/dL, %, K/uL	NA	Abnormal High	2016-08-03	00:23:17	NA
282589	87217	0.2372627482	mmol/L, mmol/L, mmol/L, mmol/L, mg/dL, mg/dL, mg/dL	NA	Normal	2022-01-25	01:57:46	NA
253636	52102	0.9139672867	mg/dL	NA	Normal	2021-08-19	22:53:25	NA
447276	63658	0.0113625493	mIU/L	NA	Abnormal Low	2020-08-07	05:53:08	NA
570233	25773	0.2316282181	N/A	NA	Normal	2016-04-20	00:49:56	NA
772483	46221	0.548183116	%	NA	Normal	2017-11-03	05:03:46	NA
486889	91325	0.9135928307	ng/mL	NA	Normal	2023-01-10	16:43:32	NA
811700	20894	0.1790285568	N/A	NA	Normal	2018-08-22	04:53:47	NA
173884	84503	0.9375174506	U/L, U/L, U/L, mg/dL	NA	Abnormal High	2021-06-16	11:47:58	NA
143825	70697	0.7361071062	N/A	NA	Normal	2020-07-26	05:27:23	NA
584458	53353	0.9512882369	K/uL, M/uL, g/dL, %, K/uL	NA	Abnormal High	2016-02-20	15:41:30	NA
990402	35761	0.2668160559	mmol/L, mmol/L, mmol/L, mmol/L, mg/dL, mg/dL, mg/dL	NA	Normal	2016-02-13	09:03:26	NA
127536	84657	0.2933960144	mg/dL	NA	Normal	2023-10-15	21:53:27	NA
483079	49347	0.7056953337	mIU/L	NA	Normal	2024-12-29	19:08:17	NA
275421	23257	0.9192441195	N/A	NA	Normal	2022-01-28	14:27:09	NA
792023	43922	0.326517036	%	NA	Normal	2022-11-14	08:07:42	NA
743360	40428	0.6081805527	ng/mL	NA	Normal	2021-10-24	16:09:04	NA
504054	46767	0.2935482552	N/A	NA	Normal	2017-07-19	00:26:53	NA
186144	11555	0.186660604	U/L, U/L, U/L, mg/dL	NA	Normal	2020-06-12	14:04:48	NA
413899	76110	0.6694049153	N/A	NA	Normal	2023-01-18	02:39:04	NA
517039	49380	0.7847647171	K/uL, M/uL, g/dL, %, K/uL	NA	Normal	2019-10-13	06:23:04	NA
372734	22331	0.2829228398	mmol/L, mmol/L, mmol/L, mmol/L, mg/dL, mg/dL, mg/dL	NA	Normal	2018-06-08	08:45:34	NA
752035	39867	0.7574505384	mg/dL	NA	Normal	2017-06-13	08:54:09	NA
467979	68854	0.5830562331	mIU/L	NA	Normal	2023-04-03	05:02:19	NA
348703	66185	0.5876681756	N/A	NA	Normal	2023-02-03	12:52:04	NA
887540	72881	0.1260424717	%	NA	Normal	2017-02-12	07:00:09	NA
944995	90084	0.1631923938	ng/mL	NA	Normal	2022-05-24	13:51:55	NA
433667	18552	0.4881416133	N/A	NA	Normal	2024-11-11	06:47:59	NA
505746	88236	0.4282381243	U/L, U/L, U/L, mg/dL	NA	Normal	2016-03-01	20:41:00	NA
787410	40289	0.9434880221	N/A	NA	Abnormal High	2016-12-08	08:49:08	NA
870443	52961	0.7782527182	K/uL, M/uL, g/dL, %, K/uL	NA	Normal	2021-12-16	03:54:46	NA
908279	68487	0.1774281241	mmol/L, mmol/L, mmol/L, mmol/L, mg/dL, mg/dL, mg/dL	NA	Normal	2020-01-05	04:12:42	NA
426962	93471	0.2434834689	mg/dL	NA	Normal	2018-03-03	16:47:50	NA
766863	87995	0.05472948909	mIU/L	NA	Abnormal Low	2024-02-21	16:29:42	NA
845290	13107	0.6238813248	N/A	NA	Normal	2018-09-29	06:46:21	NA
215347	32854	0.1669308055	%	NA	Normal	2017-09-27	21:54:33	NA
320258	25039	0.252629639	ng/mL	NA	Normal	2022-10-01	12:46:36	NA
274534	70330	0.6346769751	N/A	NA	Normal	2022-11-08	09:46:32	NA
541417	38116	0.01421498098	U/L, U/L, U/L, mg/dL	NA	Abnormal Low	2017-01-19	06:08:47	NA
861225	87739	0.7330967628	N/A	NA	Normal	2024-11-05	13:24:14	NA
824665	39691	0.9897406846	K/uL, M/uL, g/dL, %, K/uL	NA	Abnormal High	2019-09-12	01:04:57	NA
759684	82495	0.08820072386	mmol/L, mmol/L, mmol/L, mmol/L, mg/dL, mg/dL, mg/dL	NA	Abnormal Low	2019-01-11	23:09:14	NA
967955	67076	0.5895080801	mg/dL	NA	Normal	2021-06-04	21:45:56	NA
701168	67807	0.9100995473	mIU/L	NA	Normal	2016-12-15	00:10:12	NA
991438	83021	0.03126121784	N/A	NA	Abnormal Low	2018-03-16	03:38:04	NA
509773	30221	0.3878897877	%	NA	Normal	2020-09-15	19:08:05	NA
370061	44089	0.3805417563	ng/mL	NA	Normal	2018-07-21	05:44:29	NA
387581	10044	0.5777682134	N/A	NA	Normal	2023-04-17	15:17:42	NA
988769	75428	0.264091111	U/L, U/L, U/L, mg/dL	NA	Normal	2023-09-04	04:36:04	NA
391472	87732	0.9298894947	N/A	NA	Abnormal High	2016-03-20	15:55:20	NA
241933	19150	0.553045778	K/uL, M/uL, g/dL, %, K/uL	NA	Normal	2020-10-06	17:57:16	NA
325103	52365	0.7833695	mmol/L, mmol/L, mmol/L, mmol/L, mg/dL, mg/dL, mg/dL	NA	Normal	2017-05-02	10:35:15	NA
849933	10763	0.3728112925	mg/dL	NA	Normal	2019-07-21	09:02:31	NA
767282	37931	0.4284781787	mIU/L	NA	Normal	2021-04-23	20:20:16	NA
587397	89599	0.3921001975	N/A	NA	Normal	2018-02-20	15:40:45	NA
249912	10774	0.6094077907	%	NA	Normal	2017-10-25	09:45:45	NA
665685	17786	0.4639384012	ng/mL	NA	Normal	2018-06-01	19:38:40	NA
710497	92655	0.9921137444	N/A	NA	Abnormal High	2021-09-23	10:04:34	NA
212731	16348	0.9038665315	U/L, U/L, U/L, mg/dL	NA	Normal	2019-08-16	09:26:53	NA
583923	32139	0.2248022338	N/A	NA	Normal	2018-02-18	18:49:18	NA
468262	87864	0.3905931051	K/uL, M/uL, g/dL, %, K/uL	NA	Normal	2016-05-13	14:40:28	NA
682279	69409	0.8020013517	mmol/L, mmol/L, mmol/L, mmol/L, mg/dL, mg/dL, mg/dL	NA	Normal	2020-10-15	18:13:56	NA
403232	51627	0.1356312667	mg/dL	NA	Normal	2021-03-29	04:35:13	NA
788482	65085	0.238246198	mIU/L	NA	Normal	2022-08-29	11:30:17	NA
266603	45918	0.3927248599	N/A	NA	Normal	2024-05-06	15:19:57	NA
466434	22108	0.7488030769	%	NA	Normal	2024-12-18	18:31:16	NA
917587	56538	0.9450270095	ng/mL	NA	Abnormal High	2017-11-15	01:08:53	NA
556704	59510	0.1102489959	N/A	NA	Normal	2016-03-09	05:09:50	NA
570173	97849	0.1260440694	U/L, U/L, U/L, mg/dL	NA	Normal	2024-03-12	14:18:46	NA
579761	68601	0.9739317919	N/A	NA	Abnormal High	2018-04-25	13:44:56	NA
132239	49628	0.485429805	K/uL, M/uL, g/dL, %, K/uL	NA	Normal	2021-12-10	01:02:13	NA
638782	78650	0.174305719	mmol/L, mmol/L, mmol/L, mmol/L, mg/dL, mg/dL, mg/dL	NA	Normal	2018-01-11	00:53:47	NA
382302	40383	0.01706957029	mg/dL	NA	Abnormal Low	2018-02-02	08:37:33	NA
888902	17661	0.5089408669	mIU/L	NA	Normal	2016-09-09	20:24:30	NA
681709	94957	0.1169134588	N/A	NA	Normal	2021-09-18	05:00:16	NA
190394	97455	0.7678359541	%	NA	Normal	2021-01-05	11:54:55	NA
152961	60437	0.1522081756	ng/mL	NA	Normal	2020-12-23	11:43:33	NA
568188	22365	0.1098418998	N/A	NA	Normal	2018-08-27	22:55:40	NA
570224	43113	0.8007750464	U/L, U/L, U/L, mg/dL	NA	Normal	2020-05-08	00:14:12	NA
370771	30958	0.07997749337	N/A	NA	Abnormal Low	2017-06-18	13:49:13	NA
155662	80409	0.5855400655	K/uL, M/uL, g/dL, %, K/uL	NA	Normal	2017-12-27	21:59:08	NA
127249	71814	0.9427533498	mmol/L, mmol/L, mmol/L, mmol/L, mg/dL, mg/dL, mg/dL	NA	Abnormal High	2024-05-07	18:51:27	NA
275048	38974	0.2905280937	mg/dL	NA	Normal	2021-08-08	09:43:32	NA
894003	43683	0.5860165862	mIU/L	NA	Normal	2017-08-29	00:23:21	NA
493470	36286	0.03299203938	N/A	NA	Abnormal Low	2021-09-12	16:42:58	NA
721976	99283	0.9931027903	%	NA	Abnormal High	2016-04-05	19:45:55	NA
622514	91759	0.5933931257	ng/mL	NA	Normal	2020-10-27	20:31:41	NA
154903	87373	0.3571815784	N/A	NA	Normal	2021-04-11	18:41:29	NA
745074	12663	0.4098383454	U/L, U/L, U/L, mg/dL	NA	Normal	2020-12-17	20:15:26	NA
937956	41529	0.9426760562	N/A	NA	Abnormal High	2020-11-12	14:10:49	NA
394054	79549	0.243697854	K/uL, M/uL, g/dL, %, K/uL	NA	Normal	2018-11-14	17:20:50	NA
308978	36356	0.109721983	mmol/L, mmol/L, mmol/L, mmol/L, mg/dL, mg/dL, mg/dL	NA	Normal	2020-10-14	06:03:28	NA
233464	64021	0.5639763696	mg/dL	NA	Normal	2023-12-04	04:02:30	NA
401603	38677	0.7871267088	mIU/L	NA	Normal	2017-01-05	00:52:51	NA
711434	95883	0.9032323019	N/A	NA	Normal	2022-04-08	08:24:04	NA
585021	51641	0.5886405201	%	NA	Normal	2024-02-27	04:22:08	NA
536948	43137	0.8591828755	ng/mL	NA	Normal	2016-05-13	09:58:01	NA
530916	30237	0.6511297727	N/A	NA	Normal	2024-10-06	14:04:10	NA
557857	31822	0.6834865844	U/L, U/L, U/L, mg/dL	NA	Normal	2021-03-01	01:42:57	NA
848390	29930	0.7691406965	N/A	NA	Normal	2021-06-02	21:27:34	NA
265081	95469	0.9705635969	K/uL, M/uL, g/dL, %, K/uL	NA	Abnormal High	2024-03-25	21:18:16	NA
385191	75394	0.09918395499	mmol/L, mmol/L, mmol/L, mmol/L, mg/dL, mg/dL, mg/dL	NA	Abnormal Low	2016-08-25	16:07:57	NA
814823	24608	0.3708325453	mg/dL	NA	Normal	2023-01-16	22:55:41	NA
713196	10092	0.4027981721	mIU/L	NA	Normal	2022-05-18	05:45:00	NA
490543	76757	0.3686674208	N/A	NA	Normal	2018-05-24	08:12:55	NA
111002	23689	0.7371365052	%	NA	Normal	2023-07-01	12:23:17	NA
533344	83212	0.4280922965	ng/mL	NA	Normal	2023-02-19	10:44:01	NA
522445	30569	0.6356591163	N/A	NA	Normal	2024-12-25	16:16:33	NA
462070	73509	0.489243502	U/L, U/L, U/L, mg/dL	NA	Normal	2020-08-08	15:19:41	NA
910356	20471	0.05282593742	N/A	NA	Abnormal Low	2022-10-04	14:13:30	NA
212528	30348	0.2445706771	K/uL, M/uL, g/dL, %, K/uL	NA	Normal	2022-06-23	04:25:04	NA
176584	15686	0.7819145255	mmol/L, mmol/L, mmol/L, mmol/L, mg/dL, mg/dL, mg/dL	NA	Normal	2018-03-02	14:28:07	NA
423280	60686	0.5123784339	mg/dL	NA	Normal	2022-03-20	14:15:59	NA
776181	84873	0.2538072187	mIU/L	NA	Normal	2021-05-26	18:25:03	NA
228578	16474	0.6115103808	N/A	NA	Normal	2023-03-21	12:23:27	NA
492962	49175	0.8494938965	%	NA	Normal	2018-03-20	12:23:16	NA
227506	85818	0.007757403969	ng/mL	NA	Abnormal Low	2022-04-08	12:08:07	NA
650177	82880	0.3259453152	N/A	NA	Normal	2018-08-13	14:23:34	NA
842859	17531	0.8110620786	U/L, U/L, U/L, mg/dL	NA	Normal	2020-10-13	17:10:17	NA
821398	89883	0.08286836766	N/A	NA	Abnormal Low	2017-11-23	08:39:45	NA
569794	78019	0.4420517531	K/uL, M/uL, g/dL, %, K/uL	NA	Normal	2016-09-03	05:01:24	NA
358530	99220	0.6587323411	mmol/L, mmol/L, mmol/L, mmol/L, mg/dL, mg/dL, mg/dL	NA	Normal	2023-08-03	07:08:13	NA
519009	41624	0.02424427547	mg/dL	NA	Abnormal Low	2019-04-07	23:29:49	NA
124341	68080	0.6135473169	mIU/L	NA	Normal	2024-11-01	05:56:50	NA
653707	77624	0.6899428556	N/A	NA	Normal	2017-09-28	03:56:42	NA
972108	30904	0.3615047093	%	NA	Normal	2021-07-04	23:27:54	NA
195915	87285	0.9870005377	ng/mL	NA	Abnormal High	2019-05-20	20:30:43	NA
754036	16422	0.2901984817	N/A	NA	Normal	2019-07-03	05:54:39	NA
472881	32284	0.2420502622	U/L, U/L, U/L, mg/dL	NA	Normal	2021-04-18	04:52:02	NA
619503	61178	0.8293063667	N/A	NA	Normal	2019-01-16	13:38:11	NA
495925	79942	0.953344717	K/uL, M/uL, g/dL, %, K/uL	NA	Abnormal High	2021-11-29	10:26:28	NA
923646	59107	0.8980172282	mmol/L, mmol/L, mmol/L, mmol/L, mg/dL, mg/dL, mg/dL	NA	Normal	2018-10-11	17:37:38	NA
915028	18601	0.7610395632	mg/dL	NA	Normal	2016-10-05	17:25:21	NA
253652	43937	0.207964962	mIU/L	NA	Normal	2020-07-08	18:45:06	NA
395787	87587	0.06071724118	N/A	NA	Abnormal Low	2023-08-03	17:07:48	NA
974492	55349	0.2709148708	%	NA	Normal	2018-08-11	12:57:50	NA
989579	61353	0.001443574128	ng/mL	NA	Abnormal Low	2016-04-23	20:19:15	NA
235728	66297	0.155017734	N/A	NA	Normal	2022-12-16	08:29:43	NA
351618	88260	0.1350588649	U/L, U/L, U/L, mg/dL	NA	Normal	2022-01-11	18:25:59	NA
487337	60222	0.2502925778	N/A	NA	Normal	2024-11-13	12:43:58	NA
639262	57804	0.8792380246	K/uL, M/uL, g/dL, %, K/uL	NA	Normal	2021-05-07	08:37:27	NA
153641	49429	0.6964445241	mmol/L, mmol/L, mmol/L, mmol/L, mg/dL, mg/dL, mg/dL	NA	Normal	2017-10-13	19:04:46	NA
948540	27718	0.8217403715	mg/dL	NA	Normal	2023-07-07	00:06:28	NA
872080	74667	0.05061142434	mIU/L	NA	Abnormal Low	2021-01-10	08:37:23	NA
120552	42915	0.6539709055	N/A	NA	Normal	2021-09-27	06:46:28	NA
536713	69424	0.0387353937	%	NA	Abnormal Low	2019-07-01	22:10:11	NA
440694	27687	0.6833705081	ng/mL	NA	Normal	2018-10-10	07:54:09	NA
997275	74698	0.3546657542	N/A	NA	Normal	2022-12-08	10:58:28	NA
428334	11872	0.7692521461	U/L, U/L, U/L, mg/dL	NA	Normal	2020-05-10	20:50:06	NA
962934	46927	0.9116409255	N/A	NA	Normal	2021-05-22	16:17:55	NA
457961	59169	0.5666362173	K/uL, M/uL, g/dL, %, K/uL	NA	Normal	2016-09-03	03:19:20	NA
488583	11765	0.3804109233	mmol/L, mmol/L, mmol/L, mmol/L, mg/dL, mg/dL, mg/dL	NA	Normal	2016-05-01	14:46:06	NA
596023	82220	0.8866686578	mg/dL	NA	Normal	2019-02-22	17:13:45	NA
780750	62224	0.3890231013	mIU/L	NA	Normal	2023-05-06	20:36:45	NA
781986	12723	0.1077126818	N/A	NA	Normal	2022-10-01	07:12:44	NA
333530	79981	0.2363932023	%	NA	Normal	2022-02-26	02:37:53	NA
123998	83423	0.04369695185	ng/mL	NA	Abnormal Low	2019-02-25	04:28:43	NA
283366	77313	0.1635457523	N/A	NA	Normal	2024-06-24	05:25:26	NA
436014	85510	0.7194135484	U/L, U/L, U/L, mg/dL	NA	Normal	2019-05-12	19:48:58	NA
678897	72813	0.1142738834	N/A	NA	Normal	2020-04-24	19:50:15	NA
576410	72196	0.6679437323	K/uL, M/uL, g/dL, %, K/uL	NA	Normal	2019-09-06	22:39:57	NA
480372	36008	0.9355128568	mmol/L, mmol/L, mmol/L, mmol/L, mg/dL, mg/dL, mg/dL	NA	Abnormal High	2022-11-20	18:16:23	NA
990541	47039	0.7831338643	mg/dL	NA	Normal	2019-04-18	17:43:14	NA
696618	53800	0.2546353771	mIU/L	NA	Normal	2018-03-04	20:47:36	NA
939232	42167	0.3880528027	N/A	NA	Normal	2018-08-09	18:53:07	NA
508790	41443	0.9169843775	%	NA	Normal	2021-02-20	19:18:27	NA
959958	19037	0.05477202131	ng/mL	NA	Abnormal Low	2019-07-10	02:54:36	NA
624228	31272	0.166202498	N/A	NA	Normal	2020-06-29	07:59:18	NA
250912	36980	0.1958738327	U/L, U/L, U/L, mg/dL	NA	Normal	2019-09-02	16:28:19	NA
413677	24117	0.4493686685	N/A	NA	Normal	2021-07-04	05:49:02	NA
854104	81686	0.4861990178	K/uL, M/uL, g/dL, %, K/uL	NA	Normal	2019-02-27	03:51:41	NA
556702	12042	0.2788072248	mmol/L, mmol/L, mmol/L, mmol/L, mg/dL, mg/dL, mg/dL	NA	Normal	2020-08-05	17:52:13	NA
701049	52248	0.5349972313	mg/dL	NA	Normal	2020-01-18	04:26:58	NA
207015	68241	0.3860115322	mIU/L	NA	Normal	2021-01-25	04:13:20	NA
653070	20788	0.7624762561	N/A	NA	Normal	2017-06-18	00:17:18	NA
477958	25196	0.06687063581	%	NA	Abnormal Low	2022-10-09	17:36:37	NA
642217	85196	0.3175162072	ng/mL	NA	Normal	2024-08-26	07:19:36	NA
482846	55336	0.2008718458	N/A	NA	Normal	2024-04-02	03:47:04	NA
193578	16426	0.8599068264	U/L, U/L, U/L, mg/dL	NA	Normal	2020-07-05	16:59:48	NA
772366	23037	0.6928708648	N/A	NA	Normal	2022-10-11	23:26:01	NA
475415	82898	0.7038857574	K/uL, M/uL, g/dL, %, K/uL	NA	Normal	2019-05-20	21:29:45	NA
526494	65648	0.7501941958	mmol/L, mmol/L, mmol/L, mmol/L, mg/dL, mg/dL, mg/dL	NA	Normal	2019-07-04	13:58:07	NA
190951	89809	0.8411363874	mg/dL	NA	Normal	2024-07-18	22:25:25	NA
949221	27619	0.3892116553	mIU/L	NA	Normal	2019-07-25	00:10:47	NA
850554	12261	0.7200057491	N/A	NA	Normal	2022-04-07	09:56:10	NA
906194	58952	0.2361592304	%	NA	Normal	2020-03-23	11:02:47	NA
471904	88605	0.9209042405	ng/mL	NA	Abnormal High	2023-04-26	15:48:22	NA
146526	12871	0.1221010116	N/A	NA	Normal	2019-11-25	01:06:04	NA
569983	28155	0.4311627689	U/L, U/L, U/L, mg/dL	NA	Normal	2020-06-09	18:56:39	NA
376561	96825	0.1998128549	N/A	NA	Normal	2021-04-14	17:19:39	NA
660341	66417	0.5596768703	K/uL, M/uL, g/dL, %, K/uL	NA	Normal	2020-05-04	06:45:43	NA
854284	27666	0.5624947133	mmol/L, mmol/L, mmol/L, mmol/L, mg/dL, mg/dL, mg/dL	NA	Normal	2019-02-25	00:32:30	NA
195280	91271	0.4442241086	mg/dL	NA	Normal	2019-12-20	06:03:25	NA
855071	15288	0.3051453843	mIU/L	NA	Normal	2023-06-18	10:00:42	NA
940804	18998	0.9722795539	N/A	NA	Abnormal High	2021-09-12	20:51:29	NA
912063	71323	0.02685520659	%	NA	Abnormal Low	2018-08-17	06:00:18	NA
135334	44642	0.9674839883	ng/mL	NA	Abnormal High	2018-05-17	16:31:25	NA
255084	83215	0.2670125565	N/A	NA	Normal	2017-10-04	13:56:12	NA
922410	52530	0.9747743693	U/L, U/L, U/L, mg/dL	NA	Abnormal High	2024-08-14	01:53:37	NA
190825	85001	0.8444212494	N/A	NA	Normal	2021-03-15	04:05:29	NA
237218	46159	0.5218207875	K/uL, M/uL, g/dL, %, K/uL	NA	Normal	2022-09-13	06:37:33	NA
571951	84892	0.5226602095	mmol/L, mmol/L, mmol/L, mmol/L, mg/dL, mg/dL, mg/dL	NA	Normal	2017-01-26	12:49:01	NA
339856	45438	0.5352155164	mg/dL	NA	Normal	2020-04-09	11:20:59	NA
764737	55848	0.5578792856	mIU/L	NA	Normal	2019-08-04	05:15:54	NA
410455	42746	0.6673314984	N/A	NA	Normal	2020-05-19	17:07:35	NA
622319	73194	0.1499348588	%	NA	Normal	2023-04-20	05:05:01	NA
157477	96135	0.7425462173	ng/mL	NA	Normal	2024-08-10	11:30:26	NA
315152	66698	0.4707726583	N/A	NA	Normal	2024-11-26	22:17:57	NA
989934	43611	0.7863673691	U/L, U/L, U/L, mg/dL	NA	Normal	2020-11-14	11:24:49	NA
631027	16409	0.09483307262	N/A	NA	Abnormal Low	2016-01-04	10:01:16	NA
987353	77024	0.1627834503	K/uL, M/uL, g/dL, %, K/uL	NA	Normal	2021-05-26	22:14:32	NA
485999	96525	0.3176801301	mmol/L, mmol/L, mmol/L, mmol/L, mg/dL, mg/dL, mg/dL	NA	Normal	2022-06-13	23:16:44	NA
183124	79820	0.04690270515	mg/dL	NA	Abnormal Low	2024-11-18	04:39:54	NA
744826	60246	0.986861992	mIU/L	NA	Abnormal High	2022-05-09	23:35:47	NA
293116	38936	0.7127705653	N/A	NA	Normal	2023-03-21	18:40:34	NA
227472	95042	0.2521406159	%	NA	Normal	2017-08-13	10:48:21	NA
253160	33522	0.1594265343	ng/mL	NA	Normal	2019-02-10	09:10:22	NA
327646	42675	0.6927548548	N/A	NA	Normal	2016-07-25	00:04:04	NA
627379	23524	0.2491596989	U/L, U/L, U/L, mg/dL	NA	Normal	2017-11-01	14:30:41	NA
623236	73465	0.9224962557	N/A	NA	Abnormal High	2018-07-26	15:46:47	NA
160932	91906	0.4360545324	K/uL, M/uL, g/dL, %, K/uL	NA	Normal	2019-07-14	20:16:55	NA
558261	96207	0.2874044897	mmol/L, mmol/L, mmol/L, mmol/L, mg/dL, mg/dL, mg/dL	NA	Normal	2021-01-04	17:09:33	NA
542580	42879	0.04391947933	mg/dL	NA	Abnormal Low	2021-03-08	04:01:55	NA
795273	72684	0.1372709895	mIU/L	NA	Normal	2020-04-19	13:02:35	NA
726592	83451	0.9623167406	N/A	NA	Abnormal High	2019-05-01	00:58:32	NA
107916	98394	0.3054489937	%	NA	Normal	2023-02-13	01:21:38	NA
822586	13818	0.1975457867	ng/mL	NA	Normal	2019-07-29	14:53:19	NA
520054	99805	0.509397934	N/A	NA	Normal	2020-09-27	09:01:41	NA
773629	68453	0.4000839806	U/L, U/L, U/L, mg/dL	NA	Normal	2022-06-15	07:07:50	NA
222873	76709	0.9777635212	N/A	NA	Abnormal High	2021-09-04	06:56:18	NA
805526	92464	0.8272864386	K/uL, M/uL, g/dL, %, K/uL	NA	Normal	2016-01-27	02:41:06	NA
169898	65403	0.5125528927	mmol/L, mmol/L, mmol/L, mmol/L, mg/dL, mg/dL, mg/dL	NA	Normal	2017-04-29	15:40:54	NA
987211	82661	0.05435405647	mg/dL	NA	Abnormal Low	2017-09-05	03:54:12	NA
574800	11814	0.6541828568	mIU/L	NA	Normal	2019-01-28	00:12:27	NA
607096	37720	0.5600734343	N/A	NA	Normal	2023-05-13	07:20:04	NA
614169	31277	0.5830480215	%	NA	Normal	2023-06-21	14:33:48	NA
652499	42916	0.3571264259	ng/mL	NA	Normal	2017-08-03	18:42:14	NA
370536	24184	0.7670992218	N/A	NA	Normal	2019-03-20	01:43:01	NA
307971	25407	0.4584891122	U/L, U/L, U/L, mg/dL	NA	Normal	2022-12-04	05:08:12	NA
776402	98150	0.2571839609	N/A	NA	Normal	2016-08-06	01:46:04	NA
638392	69837	0.8483520977	K/uL, M/uL, g/dL, %, K/uL	NA	Normal	2018-11-08	18:45:28	NA
732041	33917	0.5001508308	mmol/L, mmol/L, mmol/L, mmol/L, mg/dL, mg/dL, mg/dL	NA	Normal	2024-11-21	04:55:02	NA
138999	50614	0.01297551491	mg/dL	NA	Abnormal Low	2016-05-01	19:33:40	NA
145487	94072	0.8466545117	mIU/L	NA	Normal	2017-05-28	12:31:43	NA
557485	34858	0.06695276868	N/A	NA	Abnormal Low	2023-02-27	07:45:12	NA
867142	32556	0.7920361862	%	NA	Normal	2024-08-06	04:20:23	NA
583447	25582	0.2446289815	ng/mL	NA	Normal	2020-11-25	02:20:07	NA
781741	83439	0.8235432183	N/A	NA	Normal	2020-02-07	01:32:33	NA
663959	68737	0.5041618025	U/L, U/L, U/L, mg/dL	NA	Normal	2023-10-05	09:12:57	NA
152236	28079	0.427560074	N/A	NA	Normal	2022-04-04	18:02:56	NA
616903	83394	0.2803046708	K/uL, M/uL, g/dL, %, K/uL	NA	Normal	2018-06-22	15:41:20	NA
641944	44320	0.9116463809	mmol/L, mmol/L, mmol/L, mmol/L, mg/dL, mg/dL, mg/dL	NA	Normal	2023-09-08	05:10:43	NA
647735	19023	0.9169468016	mg/dL	NA	Normal	2019-11-27	19:55:07	NA
639186	92869	0.746337338	mIU/L	NA	Normal	2018-08-10	03:09:03	NA
522290	51538	0.9853890332	N/A	NA	Abnormal High	2017-01-08	03:40:44	NA
771415	23566	0.8623025457	%	NA	Normal	2016-06-28	00:31:59	NA
945407	48181	0.8510317302	ng/mL	NA	Normal	2022-10-20	18:27:06	NA
980388	40971	0.9341503974	N/A	NA	Abnormal High	2024-11-26	04:18:23	NA
449963	38368	0.3694802661	U/L, U/L, U/L, mg/dL	NA	Normal	2020-06-28	21:27:38	NA
575692	54063	0.03060369086	N/A	NA	Abnormal Low	2018-01-10	04:20:54	NA
816302	30020	0.1810440477	K/uL, M/uL, g/dL, %, K/uL	NA	Normal	2021-04-24	19:59:00	NA
438372	73547	0.9527776914	mmol/L, mmol/L, mmol/L, mmol/L, mg/dL, mg/dL, mg/dL	NA	Abnormal High	2017-09-02	17:48:20	NA
241045	47461	0.5163504746	mg/dL	NA	Normal	2018-05-23	05:48:31	NA
789592	41915	0.161808443	mIU/L	NA	Normal	2020-05-23	22:05:52	NA
725500	80897	0.839570601	N/A	NA	Normal	2018-11-06	22:37:45	NA
509267	78389	0.9111795707	%	NA	Normal	2021-08-17	15:08:02	NA
495880	73684	0.7319453117	ng/mL	NA	Normal	2019-11-17	17:14:31	NA
107206	76983	0.2479735702	N/A	NA	Normal	2018-09-15	00:54:51	NA
534682	44296	0.6774131622	U/L, U/L, U/L, mg/dL	NA	Normal	2023-04-09	03:14:01	NA
743066	18383	0.08424901797	N/A	NA	Abnormal Low	2021-06-26	05:15:45	NA
148911	68977	0.4528101628	K/uL, M/uL, g/dL, %, K/uL	NA	Normal	2024-01-26	22:13:13	NA
922837	69093	0.9212646973	mmol/L, mmol/L, mmol/L, mmol/L, mg/dL, mg/dL, mg/dL	NA	Abnormal High	2019-07-18	14:27:30	NA
826433	26847	0.5740930192	mg/dL	NA	Normal	2018-02-05	19:10:39	NA
387910	46518	0.844905066	mIU/L	NA	Normal	2017-01-25	08:23:59	NA
806292	24267	0.2122145995	N/A	NA	Normal	2021-03-17	14:42:12	NA
859894	94658	0.6131027783	%	NA	Normal	2016-09-06	06:28:00	NA
277907	80697	0.5006613201	ng/mL	NA	Normal	2019-05-13	21:10:55	NA
720413	42769	0.4911264784	N/A	NA	Normal	2017-01-01	17:05:43	NA
713190	26327	0.622379619	U/L, U/L, U/L, mg/dL	NA	Normal	2020-05-18	14:11:51	NA
832496	43128	0.6272480027	N/A	NA	Normal	2022-07-01	00:27:32	NA
355771	83033	0.2261298531	K/uL, M/uL, g/dL, %, K/uL	NA	Normal	2018-01-28	03:11:29	NA
249580	60589	0.32159384	mmol/L, mmol/L, mmol/L, mmol/L, mg/dL, mg/dL, mg/dL	NA	Normal	2020-06-25	10:46:43	NA
344019	74770	0.8985950469	mg/dL	NA	Normal	2024-07-02	18:15:26	NA
292771	51498	0.3501186447	mIU/L	NA	Normal	2019-12-04	03:57:19	NA
525880	73338	0.7543448849	N/A	NA	Normal	2022-01-15	18:43:21	NA
797976	22639	0.3419291346	%	NA	Normal	2019-03-24	23:43:16	NA
550703	53170	0.9246471336	ng/mL	NA	Abnormal High	2019-09-09	19:27:00	NA
165818	87495	0.05308685165	N/A	NA	Abnormal Low	2021-05-20	21:57:28	NA
658368	49205	0.3798843116	U/L, U/L, U/L, mg/dL	NA	Normal	2019-06-13	18:16:57	NA
470521	54630	0.6680909219	N/A	NA	Normal	2016-02-24	05:19:58	NA
561636	64515	0.2388596741	K/uL, M/uL, g/dL, %, K/uL	NA	Normal	2017-06-07	00:09:13	NA
263808	37930	0.129189332	mmol/L, mmol/L, mmol/L, mmol/L, mg/dL, mg/dL, mg/dL	NA	Normal	2021-07-13	07:34:42	NA
861674	12081	0.4595662667	mg/dL	NA	Normal	2022-11-14	05:45:09	NA
818690	31579	0.0343047987	mIU/L	NA	Abnormal Low	2020-11-20	11:30:45	NA
597112	80364	0.606183973	N/A	NA	Normal	2020-07-29	19:48:17	NA
200908	30294	0.1506359757	%	NA	Normal	2020-03-10	06:37:22	NA
697460	78056	0.6104151207	ng/mL	NA	Normal	2016-08-10	16:28:40	NA
295830	47326	0.809978474	N/A	NA	Normal	2020-10-21	02:36:27	NA
455783	78218	0.03415658271	U/L, U/L, U/L, mg/dL	NA	Abnormal Low	2020-09-21	13:23:45	NA
101498	93563	0.8336947633	N/A	NA	Normal	2016-08-08	00:32:16	NA
112481	12688	0.06543868747	K/uL, M/uL, g/dL, %, K/uL	NA	Abnormal Low	2023-04-26	05:28:07	NA
377984	74223	0.5833710365	mmol/L, mmol/L, mmol/L, mmol/L, mg/dL, mg/dL, mg/dL	NA	Normal	2018-11-07	18:22:46	NA
731104	69287	0.1891762335	mg/dL	NA	Normal	2023-05-27	00:24:27	NA
105565	36265	0.8539766165	mIU/L	NA	Normal	2018-02-11	13:21:16	NA
673154	94524	0.3453280448	N/A	NA	Normal	2016-11-28	05:31:07	NA
293783	27687	0.6793566374	%	NA	Normal	2020-08-10	20:49:00	NA
636714	71908	0.1744339023	ng/mL	NA	Normal	2024-01-02	15:12:30	NA
527245	98261	0.4678393167	N/A	NA	Normal	2016-12-02	09:39:40	NA
503928	40322	0.2371996981	U/L, U/L, U/L, mg/dL	NA	Normal	2021-05-27	16:49:11	NA
966891	81852	0.9444432826	N/A	NA	Abnormal High	2016-06-10	09:16:45	NA
655400	88771	0.5419634033	K/uL, M/uL, g/dL, %, K/uL	NA	Normal	2021-12-07	20:25:20	NA
315105	76528	0.06457454136	mmol/L, mmol/L, mmol/L, mmol/L, mg/dL, mg/dL, mg/dL	NA	Abnormal Low	2019-04-01	00:30:05	NA
311491	16634	0.3107568335	mg/dL	NA	Normal	2018-11-04	03:57:51	NA
324931	95501	0.7542767793	mIU/L	NA	Normal	2021-07-23	13:39:31	NA
877499	11850	0.2286621249	N/A	NA	Normal	2021-06-04	03:18:38	NA
896133	33595	0.09923791926	%	NA	Abnormal Low	2022-06-02	12:10:40	NA
123449	52482	0.8477550511	ng/mL	NA	Normal	2023-07-15	18:16:39	NA
769964	41420	0.4771815327	N/A	NA	Normal	2021-07-19	21:32:15	NA
861530	34079	0.8297647098	U/L, U/L, U/L, mg/dL	NA	Normal	2021-02-26	19:25:53	NA
559232	74396	0.3374268362	N/A	NA	Normal	2023-09-02	07:57:12	NA
982309	93129	0.1124151436	K/uL, M/uL, g/dL, %, K/uL	NA	Normal	2022-12-21	22:26:39	NA
637305	66880	0.5618591751	mmol/L, mmol/L, mmol/L, mmol/L, mg/dL, mg/dL, mg/dL	NA	Normal	2017-11-10	15:45:53	NA
132357	28933	0.2531350863	mg/dL	NA	Normal	2019-05-18	07:58:02	NA
348673	60556	0.9810062931	mIU/L	NA	Abnormal High	2024-05-14	11:56:57	NA
513433	30724	0.3484337802	N/A	NA	Normal	2017-01-08	07:29:53	NA
191849	47088	0.008186594664	%	NA	Abnormal Low	2023-11-01	11:56:19	NA
630326	42266	0.3338750799	ng/mL	NA	Normal	2023-04-10	18:42:48	NA
993044	17837	0.03772853301	N/A	NA	Abnormal Low	2023-12-27	23:36:58	NA
329093	39267	0.752500318	U/L, U/L, U/L, mg/dL	NA	Normal	2021-10-02	02:00:22	NA
424052	77426	0.2271258404	N/A	NA	Normal	2018-06-19	16:11:42	NA
138567	17473	0.4311308713	K/uL, M/uL, g/dL, %, K/uL	NA	Normal	2021-07-13	15:24:41	NA
191089	28406	0.2478869324	mmol/L, mmol/L, mmol/L, mmol/L, mg/dL, mg/dL, mg/dL	NA	Normal	2022-07-11	22:42:58	NA
639831	45516	0.9447361608	mg/dL	NA	Abnormal High	2019-10-14	07:41:51	NA
411322	18433	0.1990773997	mIU/L	NA	Normal	2021-01-04	15:10:59	NA
145109	73909	0.377611188	N/A	NA	Normal	2023-05-10	11:06:31	NA
712249	24332	0.9875907691	%	NA	Abnormal High	2023-06-08	11:32:36	NA
719028	53837	0.1332306518	ng/mL	NA	Normal	2021-11-05	10:00:38	NA
104835	89399	0.3995801366	N/A	NA	Normal	2024-02-09	10:09:23	NA
441395	33783	0.407213686	U/L, U/L, U/L, mg/dL	NA	Normal	2022-03-11	00:26:18	NA
546732	35181	0.8309420356	N/A	NA	Normal	2024-10-08	17:58:55	NA
906949	26884	0.2528554518	K/uL, M/uL, g/dL, %, K/uL	NA	Normal	2017-08-04	21:43:21	NA
886628	88506	0.1770804667	mmol/L, mmol/L, mmol/L, mmol/L, mg/dL, mg/dL, mg/dL	NA	Normal	2024-01-19	06:01:40	NA
519489	61161	0.8472895298	mg/dL	NA	Normal	2020-02-14	02:31:35	NA
757674	91559	0.872341287	mIU/L	NA	Normal	2024-04-19	12:19:23	NA
846444	34967	0.8477970496	N/A	NA	Normal	2021-09-12	00:12:45	NA
317320	71956	0.1395639156	%	NA	Normal	2024-01-24	02:53:08	NA
806515	60594	0.4294581315	ng/mL	NA	Normal	2023-06-16	04:09:21	NA
746195	19691	0.4853445003	N/A	NA	Normal	2021-09-29	02:44:26	NA
614105	82151	0.3627549073	U/L, U/L, U/L, mg/dL	NA	Normal	2018-06-02	21:21:43	NA
160944	29622	0.6351628372	N/A	NA	Normal	2022-05-08	11:10:43	NA
266752	36125	0.0465173626	K/uL, M/uL, g/dL, %, K/uL	NA	Abnormal Low	2022-05-06	04:45:51	NA
939126	26841	0.9259386698	mmol/L, mmol/L, mmol/L, mmol/L, mg/dL, mg/dL, mg/dL	NA	Abnormal High	2018-07-27	21:03:18	NA
347869	49616	0.8095106075	mg/dL	NA	Normal	2016-10-07	11:16:17	NA
730073	33786	0.596423941	mIU/L	NA	Normal	2017-09-26	04:25:50	NA
209359	99047	0.6628772707	N/A	NA	Normal	2024-05-09	19:01:51	NA
548704	39028	0.07579834728	%	NA	Abnormal Low	2018-10-10	09:06:36	NA
374876	95967	0.4835811315	ng/mL	NA	Normal	2024-08-14	13:57:15	NA
941811	93704	0.8587397721	N/A	NA	Normal	2016-07-14	18:48:43	NA
462797	69462	0.8720779362	U/L, U/L, U/L, mg/dL	NA	Normal	2024-03-27	04:32:41	NA
733715	23107	0.6650318108	N/A	NA	Normal	2019-02-28	07:59:10	NA
711890	98148	0.5199271662	K/uL, M/uL, g/dL, %, K/uL	NA	Normal	2023-03-10	07:22:20	NA
213219	93601	0.5605187293	mmol/L, mmol/L, mmol/L, mmol/L, mg/dL, mg/dL, mg/dL	NA	Normal	2023-02-06	14:52:40	NA
70001	50001	4.5	K/uL	3.5-5.5	Normal	2025-12-08	08:30:00	Dr. A
70002	50002	1.2	mg/dL	0.8-1.5	Normal	2025-12-11	11:30:00	Dr. B
70003	50003	0.9	mmol/L	0.7-1.2	Normal	2025-12-13	09:30:00	Dr. C
70004	50004	6.0	mg/dL	4.0-8.0	Normal	2025-12-10	10:45:00	Dr. D
70005	50005	45.0	U/L	20-50	Normal	2025-12-12	08:00:00	Dr. E
\.


--
-- Data for Name: lab_tests; Type: TABLE DATA; Schema: public; Owner: admin
--

COPY public.lab_tests (test_id, patient_id, test_name, order_date, order_time, ordering_physician) FROM stdin;
10006	4282334	Liver	2016-11-27	12:32:00	Dr. Ulysses Grant
10044	1116064	Electrocardiogram	2024-08-20	15:03:00	Dr. Lance Boyle
10092	7460409	Hemoglobin	2016-10-20	09:46:00	Dr. Diane Sected
10132	8214432	Panel	2024-05-04	13:04:00	Dr. Ty Knotts
10581	7792223	Metabolic	2021-05-25	11:57:00	Dr. Michael Chen
10647	7460409	(PT/INR)	2020-10-20	13:59:00	Dr. Lisa Anderson
10729	4458673	C-Reactive	2016-02-04	10:02:00	Dr. Vic Tory
10763	8207330	Erythrocyte	2016-04-29	12:14:00	Dr. Robert Johnson
10774	7565600	Erythrocyte	2019-02-13	12:59:00	Dr. Jennifer Garcia
10855	4183973	Panel	2024-02-23	14:02:00	Dr. Yul B. Alright
11212	9916788	(ANA)	2022-11-03	11:56:00	Dr. Zachary Moore
11319	7107715	Factor	2023-05-25	11:19:00	Dr. Jack Robinson
11555	8557170	Hemoglobin	2016-06-11	13:43:00	Dr. Michael Chen
11749	6272528	Metabolic	2023-09-24	11:19:00	Dr. Jennifer Garcia
11765	5026867	Antibody	2020-02-03	08:02:00	Dr. Xavier Breath
11798	6975241	Prostate-Specific	2018-05-11	13:43:00	Dr. Sarah Johnson
11814	3318124	Cortisol	2016-01-27	14:04:00	Dr. Jack Robinson
11850	7580548	Rheumatoid	2019-12-18	09:29:00	Dr. David Wilson
11872	7398317	Metabolic	2017-04-20	10:26:00	Dr. Ima Payne
11938	6622592	Cortisol	2021-05-06	10:31:00	Dr. Flo Tilla
12042	9578069	Urinalysis	2020-02-02	10:48:00	Dr. Robert Johnson
12081	8131810	Hemoglobin	2023-05-23	09:16:00	Dr. Isabelle Nguyen
12261	9916788	(PT/INR)	2024-02-22	10:12:00	Dr. Robert Johnson
12465	4297294	A1C	2024-10-05	14:12:00	Dr. Lisa Anderson
12625	4429473	Liver	2021-01-25	12:03:00	Dr. Ima Payne
12663	8321302	Brain	2021-04-02	12:56:00	Dr. Jennifer Garcia
12688	8610864	Antigen	2016-05-15	15:56:00	Dr. Frank Miller
12723	7053320	Panel	2017-09-18	11:22:00	Dr. Ida Noe
12871	1809783	Panel	2021-04-25	09:06:00	Dr. Noah Williams
13107	4545804	(PTT)	2018-01-08	13:22:00	Dr. Olive Yew
13121	6984865	Function	2019-08-04	11:17:00	Dr. Ima Payne
13242	5100150	Stimulating	2016-01-08	08:29:00	Dr. Vic Tory
13818	6021421	Prolactin	2021-02-20	08:50:00	Dr. Jennifer Garcia
14507	8610864	HIV	2021-10-17	12:52:00	Dr. David Wilson
14785	5657913	(ANA)	2016-09-22	12:12:00	Dr. David Wilson
15000	8557170	C-Reactive	2022-04-28	10:30:00	Dr. Lou Briccant
15035	2896821	B12	2020-01-29	10:29:00	Dr. Olive Yew
15179	4948445	Erythrocyte	2023-01-04	10:01:00	Dr. Benjamin Lee
15282	7333291	C-Reactive	2021-12-17	14:57:00	Dr. Flo Tilla
15288	5013296	Antibody	2023-08-18	11:38:00	Dr. Lisa Anderson
15453	6565450	A1C	2024-12-17	10:05:00	Dr. Warren Peace
15599	9399818	Prostate-Specific	2017-05-25	11:39:00	Dr. Cara Lott
15686	1809783	Stimulating	2018-10-12	15:22:00	Dr. Rachel Goldman
15729	2343670	Lipid	2023-03-01	15:47:00	Dr. Bonnie Ache
16348	3986632	(PTT)	2020-12-05	13:22:00	Dr. Ulysses Grant
16409	2251382	Liver	2024-07-17	15:11:00	Dr. Jay Walker
16422	9916788	Panel	2023-04-29	13:22:00	Dr. Lou Briccant
16426	6014397	Panel	2018-02-18	14:15:00	Dr. Ken Hurt
16474	1809783	C-Reactive	2022-08-29	15:39:00	Dr. Faye Slift
16516	7565600	Stimulating	2021-12-07	12:43:00	Dr. Doug Graves
16634	6120396	Electrophoresis	2017-02-19	14:39:00	Dr. Carla Rodriguez
16641	2140786	Time	2018-10-25	10:30:00	Dr. Ken Hurt
16720	1966873	X-ray	2017-09-19	11:55:00	Dr. Michael Chen
17023	7333291	Complete	2023-06-09	11:57:00	Dr. Quinn Foster
17120	3142051	Hemoglobin	2020-09-04	08:39:00	Dr. Yul B. Alright
17473	2251382	Panel	2018-01-11	14:01:00	Dr. Quinn Foster
17531	8610864	Function	2022-12-21	15:50:00	Dr. Michael Chen
17661	4545804	Levels	2022-02-07	11:25:00	Dr. Isabelle Nguyen
17786	3986632	Ferritin	2018-07-24	11:15:00	Dr. David Wilson
17837	7053320	Blood	2023-11-08	11:01:00	Dr. Thomas Martinez
18096	7453513	B12	2019-05-07	10:17:00	Dr. Warren Peace
18383	5304719	Levels	2017-08-07	14:50:00	Dr. David Wilson
18433	5657913	Hepatitis	2017-04-02	09:02:00	Dr. Emily Brown
18552	7827103	(PT/INR)	2024-02-16	15:13:00	Dr. Max Imum
18601	4183973	Thromboplastin	2020-09-27	14:05:00	Dr. Michael Chen
18617	7792223	Time	2024-11-26	11:56:00	Dr. Grace Liu
18844	7251081	Cortisol	2018-06-03	14:22:00	Dr. Liam O'Connor
18861	8563805	Hemoglobin	2017-06-06	14:15:00	Dr. Ida Noe
18998	2498276	Chest	2024-10-11	14:37:00	Dr. Yasmin Ahmed
19023	1307195	(ESR)	2024-10-21	12:36:00	Dr. Daniel Smith
19037	6465200	Acid	2023-11-01	15:38:00	Dr. Vanna Kulate
19150	2290873	Rheumatoid	2022-05-21	15:24:00	Dr. Abby Normal
19374	3480723	(BNP)	2019-11-04	11:13:00	Dr. Herb Ology
19691	9707286	Lipid	2024-01-02	12:29:00	Dr. Zachary Moore
19877	6465200	Liver	2021-06-27	15:06:00	Dr. Diane Sected
20223	8883574	Thyroid	2022-07-17	14:37:00	Dr. Wayne Knight
20227	7549164	(PTT)	2016-05-25	10:13:00	Dr. Emma Watson
20471	7380635	Partial	2024-12-29	10:34:00	Dr. Ophelia Payne
20788	7333291	Erythrocyte	2020-11-06	12:48:00	Dr. Ned Flanders
20849	5304719	Hormone	2023-05-21	13:18:00	Dr. Valerie Ramirez
20894	2140786	(ESR)	2020-05-23	10:21:00	Dr. Emily Brown
21016	2896821	Folate	2020-03-19	09:11:00	Dr. Doug Graves
21275	5431473	Peptide	2018-11-10	13:59:00	Dr. Ginger Vitis
21583	4297294	Chest	2022-02-26	14:15:00	Dr. Tessa Clark
21683	6120396	Chest	2024-01-05	11:31:00	Dr. Yul B. Alright
21790	4429473	X-ray	2023-06-04	12:14:00	Dr. Michael Chen
21970	6014397	Lipid	2020-12-13	15:27:00	Dr. Grace Liu
22068	6974935	(PTT)	2022-04-25	14:59:00	Dr. Lou Briccant
22094	5657913	Thyroid	2023-08-16	15:08:00	Dr. Sarah Johnson
22108	9910297	D-Dimer	2023-11-17	10:43:00	Dr. Curt N. Call
22200	8971529	and	2016-03-09	09:20:00	Dr. Allison Parker
22239	8214432	Blood	2019-05-25	08:56:00	Dr. Emily Brown
22331	5407637	X-ray	2020-09-24	15:08:00	Dr. Flo Tilla
22365	3932291	Acid	2023-04-27	15:53:00	Dr. Warren Peace
22639	8610864	Rate	2017-11-29	09:41:00	Dr. Will Power
22955	7453513	Acid	2021-07-04	10:41:00	Dr. Emily Brown
23037	7549164	Panel	2021-12-23	14:54:00	Dr. Thomas Martinez
23107	1966873	Urinalysis	2020-07-10	11:12:00	Dr. Ned Flanders
23204	3905207	A1C	2021-01-23	08:44:00	Dr. Will Power
23257	7549164	Hemoglobin	2024-04-19	12:00:00	Dr. Abby Normal
23524	6565450	Electrocardiogram	2019-07-13	10:16:00	Dr. Thomas Martinez
23566	6272528	Acid	2023-09-06	14:08:00	Dr. Sarah Johnson
23645	1307195	HIV	2019-01-06	09:01:00	Dr. Thomas Martinez
23689	1966873	Thyroid	2020-01-27	11:23:00	Dr. Paul Blackburn
23857	7398317	A1C	2019-10-22	13:02:00	Dr. Ulysses Grant
24117	7168386	Cortisol	2017-10-11	10:30:00	Dr. Mia Patel
24163	7039625	Metabolic	2022-12-13	14:41:00	Dr. Liam O'Connor
24184	8883574	Panel	2024-06-13	09:24:00	Dr. Robert Johnson
24267	4458673	Panel	2020-08-14	09:33:00	Dr. Michael Chen
24332	4508175	Antigen	2017-02-13	12:33:00	Dr. David Wilson
24387	7565600	Urinalysis	2023-02-24	13:19:00	Dr. Michael Chen
24511	4637605	Factor	2017-05-16	09:13:00	Dr. Stan Still
24608	7792223	Ferritin	2022-10-13	12:38:00	Dr. Max Imum
24633	8557170	Prolactin	2017-01-17	13:37:00	Dr. Ulysses Grant
24756	9707286	Protein	2019-10-07	11:49:00	Dr. Michael Chen
24926	7251081	Electrocardiogram	2018-08-26	09:55:00	Dr. David Wilson
25039	7398317	Time	2021-06-01	11:52:00	Dr. Isabelle Nguyen
25196	1307195	A1C	2020-02-15	15:25:00	Dr. Emily Brown
25407	3813118	Count	2020-08-16	08:08:00	Dr. Bonnie Ache
25582	7961179	Chest	2016-07-26	09:45:00	Dr. Diane Sected
25698	3778032	Hemoglobin	2024-03-02	12:35:00	Dr. Nick O'Teen
25773	8451918	Vitamin	2021-07-28	14:21:00	Dr. Zachary Moore
26277	6984865	Tests	2021-12-26	08:32:00	Dr. Jennifer Garcia
26327	3986632	Rate	2016-08-15	10:15:00	Dr. Quinn Foster
26818	6974935	(ESR)	2016-06-23	11:21:00	Dr. Harry Pitts
26841	6428263	Panel	2019-08-21	15:46:00	Dr. Mia Patel
26847	7580548	Testosterone	2019-11-05	11:32:00	Dr. Ken Hurt
26884	6984865	Antigen	2019-05-15	15:09:00	Dr. Allison Parker
26912	6984865	Peptide	2023-08-09	11:56:00	Dr. Liam O'Connor
27288	4948445	Levels	2018-11-06	09:50:00	Dr. Ty Knotts
27386	4297294	Metabolic	2022-10-20	14:51:00	Dr. Elle Fant
27619	8451918	Urinalysis	2019-08-23	13:49:00	Dr. Frank Miller
27666	8321302	Brain	2020-07-14	08:02:00	Dr. Michael Chen
27687	4282334	Prothrombin	2016-04-24	14:49:00	Dr. Michael Chen
27718	3932291	Liver	2018-11-16	10:17:00	Dr. Curt N. Call
27727	5304719	Prostate-Specific	2016-03-26	15:04:00	Dr. Xavier Breath
27773	2506625	Metabolic	2022-04-16	10:20:00	Dr. David Wilson
27888	6984865	Hemoglobin	2017-12-02	08:19:00	Dr. Jennifer Garcia
27912	4637605	Prothrombin	2019-08-28	14:14:00	Dr. Michael Chen
28079	5462728	Hormone	2020-12-09	10:01:00	Dr. Samuel Torres
28155	2896821	Lipid	2018-12-04	10:06:00	Dr. Valerie Ramirez
28406	7039625	A1C	2019-01-21	15:27:00	Dr. Michael Chen
28411	8159401	Acid	2019-09-01	12:19:00	Dr. Ray Gunn
28556	9578069	Testosterone	2022-10-01	14:07:00	Dr. Tessa Clark
28933	9399818	Thromboplastin	2017-09-20	15:36:00	Dr. Emily Brown
29414	5286957	Antigen	2018-09-08	08:58:00	Dr. Jennifer Garcia
29480	6260839	Panel	2023-11-09	12:02:00	Dr. Emily Brown
29527	4282334	Levels	2024-02-25	13:22:00	Dr. Pearl E. White
29585	5431473	Count	2017-08-18	13:19:00	Dr. Pearl E. White
29622	6111668	B12	2019-03-23	11:17:00	Dr. Frank Miller
29930	6975241	Blood	2018-01-04	11:03:00	Dr. Uma Thurman (no relation)
29944	4429473	Electrocardiogram	2023-06-06	10:11:00	Dr. Olivia Taylor
30020	2343670	Levels	2017-01-10	12:19:00	Dr. Ulysses Grant
30221	1809783	Metabolic	2017-02-15	12:42:00	Dr. Noah Williams
30237	4948445	Comprehensive	2021-07-09	13:06:00	Dr. Thomas Martinez
30294	1307195	(PTT)	2018-01-09	10:45:00	Dr. Sarah Johnson
30348	7315077	Panel	2021-11-11	12:14:00	Dr. Emily Brown
30395	3778032	Count	2016-08-21	12:14:00	Dr. Emily Brown
30451	1937680	Blood	2024-06-02	09:18:00	Dr. Ben Dover
30569	2506625	Prostate-Specific	2017-12-13	12:04:00	Dr. Harry Pitts
30724	3480723	Urinalysis	2024-08-29	08:52:00	Dr. Warren Peace
30904	2290873	Stimulating	2019-03-20	10:38:00	Dr. Ned Flanders
30936	4183973	Vitamin	2024-12-28	13:09:00	Dr. David Wilson
30958	7453513	Liver	2017-09-12	13:06:00	Dr. Xander Zhou
31272	8321302	X-ray	2016-12-21	15:22:00	Dr. Noah Williams
31277	4637605	(ANA)	2016-04-01	11:57:00	Dr. Thomas Martinez
31308	7251081	Chest	2022-05-28	10:08:00	Dr. Emily Brown
31579	7053320	Metabolic	2023-06-29	10:40:00	Dr. Quinn Foster
31676	6984865	X-ray	2019-04-23	13:49:00	Dr. Katherine White
31822	1116064	Hemoglobin	2016-10-02	14:28:00	Dr. Doug Graves
31861	6260839	Factor	2019-12-10	14:19:00	Dr. Michael Chen
32139	5304719	Levels	2024-06-23	13:54:00	Dr. Jennifer Garcia
32284	3778032	Blood	2023-10-26	12:18:00	Dr. Sarah Johnson
32556	1307195	Chest	2020-03-19	09:41:00	Dr. Allison Parker
32854	7053320	Ammonia	2017-09-21	09:29:00	Dr. Lisa Anderson
32960	8610864	Prostate-Specific	2017-04-20	10:53:00	Dr. Ima Payne
33145	4458673	A1C	2021-03-01	11:22:00	Dr. Flo Tilla
33371	4948445	Urinalysis	2024-03-08	08:02:00	Dr. Rachel Goldman
33522	8207330	(ESR)	2018-06-16	10:53:00	Dr. Ray Gunn
33595	3905207	Factor	2024-08-21	11:19:00	Dr. Olivia Taylor
33783	4282334	Electrocardiogram	2020-09-14	12:53:00	Dr. Ned Flanders
50001	1000001	CBC	2025-12-08	08:00:00	Dr. A
33786	5788496	Electrophoresis	2020-07-07	12:50:00	Dr. Harold Green
33842	8610864	Stimulating	2017-08-27	12:12:00	Dr. Ed Ible
33917	4297294	and	2017-09-20	10:54:00	Dr. Michael Chen
34079	7333291	Panel	2019-01-28	14:50:00	Dr. David Wilson
34302	1966873	Troponin	2024-04-14	15:46:00	Dr. David Wilson
34383	6622592	Prostate-Specific	2016-05-07	12:31:00	Dr. Paul Blackburn
34447	5026867	HIV	2023-06-20	09:32:00	Dr. Liam O'Connor
34621	5576307	Prothrombin	2024-07-05	15:08:00	Dr. Sandy Beach
34647	6111668	(ESR)	2018-04-18	11:19:00	Dr. Allison Parker
34858	5026867	Erythrocyte	2022-01-24	08:01:00	Dr. Michael Chen
34967	2343670	Vitamin	2016-04-23	13:05:00	Dr. Valerie Ramirez
35181	7039625	Ferritin	2020-06-25	12:13:00	Dr. Justin Case
35208	3905207	C-Reactive	2019-07-04	14:13:00	Dr. Ben Dover
35761	3813118	Electrophoresis	2018-05-20	10:58:00	Dr. Emma Watson
35781	7827103	Lipid	2020-02-19	11:48:00	Dr. Sarah Johnson
35983	8557170	Lipid	2021-06-16	13:47:00	Dr. Grace Liu
36008	5286957	Levels	2018-12-24	08:01:00	Dr. Pearl E. White
36116	8971529	Liver	2020-09-28	13:10:00	Dr. Michael Chen
36125	8214432	(BNP)	2020-10-09	09:36:00	Dr. Vic Tory
36265	7107715	Prothrombin	2018-05-08	08:12:00	Dr. Alan Probe
36286	8214432	Urinalysis	2023-10-18	08:14:00	Dr. Thomas Martinez
36356	7580548	Comprehensive	2023-02-15	12:56:00	Dr. Ben Dover
36541	4297294	Antibody	2018-05-15	14:23:00	Dr. Liam O'Connor
36836	4183973	(PT/INR)	2020-04-11	11:55:00	Dr. Lance Boyle
36980	6272528	Blood	2023-03-17	14:08:00	Dr. Robert Johnson
37069	4948445	Peptide	2021-09-02	14:48:00	Dr. Quinn Tessential
37545	6021421	Thyroid	2019-09-04	12:03:00	Dr. Quinn Tessential
37720	3480723	Antigen	2017-02-23	13:17:00	Dr. Diane Sected
37788	2896821	Acid	2017-01-25	10:20:00	Dr. Gene Poole
37876	8451918	Electrophoresis	2016-09-26	15:27:00	Dr. Ed Ible
37930	7961179	Folate	2021-04-09	12:50:00	Dr. Carla Rodriguez
37931	7565600	Sedimentation	2019-02-07	13:51:00	Dr. Ken Hurt
38051	5026867	C-Reactive	2023-03-10	11:59:00	Dr. Jay Walker
38116	5431473	(BNP)	2021-07-15	10:16:00	Dr. Lisa Anderson
38368	3932291	Antigen	2016-03-23	08:36:00	Dr. Katherine White
38465	1966873	Acid	2020-11-16	14:24:00	Dr. Carla Rodriguez
38662	5100150	Hemoglobin	2019-03-10	13:17:00	Dr. Emma Watson
38677	7565600	Antigen	2020-10-29	11:28:00	Dr. Benjamin Lee
38766	3905207	Complete	2022-11-04	11:26:00	Dr. Ophelia Payne
38889	2506625	Ammonia	2018-09-11	13:28:00	Dr. Emily Brown
38905	2251382	Thyroid	2017-12-29	11:59:00	Dr. Emma Watson
38936	4877157	Metabolic	2017-12-16	15:34:00	Dr. Doug Graves
38973	7315077	and	2023-03-29	08:54:00	Dr. Harry Pitts
38974	3142051	Electrophoresis	2017-02-28	08:25:00	Dr. Ed Ible
39028	7827103	Metabolic	2023-09-22	10:38:00	Dr. Emily Brown
39267	9578069	Levels	2019-11-11	15:00:00	Dr. David Wilson
39691	3986632	Liver	2020-06-25	15:05:00	Dr. Emma Watson
39774	4297294	Metabolic	2020-05-13	11:58:00	Dr. Sarah Johnson
39867	9512529	(ANA)	2024-02-28	09:29:00	Dr. Emily Brown
40289	1307195	Panel	2018-02-21	10:40:00	Dr. Emily Brown
40322	1116064	Complete	2024-12-13	14:50:00	Dr. Valerie Ramirez
40383	3932291	Lipid	2016-07-27	14:16:00	Dr. Emily Brown
40428	2498276	Folate	2018-05-28	08:30:00	Dr. Emily Brown
40686	4948445	Erythrocyte	2019-11-26	14:56:00	Dr. Olivia Taylor
40964	2101617	Acid	2020-05-17	10:54:00	Dr. Paul Blackburn
40971	5462728	Protein	2021-09-05	09:12:00	Dr. Emily Brown
41209	6565450	Antibody	2018-02-14	11:56:00	Dr. Quinn Slanding
41420	7453513	HIV	2023-04-27	10:09:00	Dr. Curt N. Call
41443	8883574	Urinalysis	2020-11-02	12:03:00	Dr. Jennifer Garcia
41529	2896821	Complete	2023-03-01	14:04:00	Dr. Will Power
41624	6565450	Comprehensive	2017-03-28	09:50:00	Dr. Daniel Smith
41798	2140786	Antigen	2018-04-22	09:54:00	Dr. Ginger Vitis
41915	8159401	Cortisol	2024-12-13	13:18:00	Dr. Diane Sected
41919	4545804	Cortisol	2017-03-01	09:16:00	Dr. Robert Johnson
42167	7709450	Stimulating	2017-12-11	12:16:00	Dr. Elle Fant
42242	1809783	Complete	2019-11-12	10:44:00	Dr. Paige Turner
42266	8451918	Hemoglobin	2020-02-09	09:31:00	Dr. Bonnie Ache
42675	7709450	Testosterone	2020-03-29	15:06:00	Dr. Lisa Anderson
42746	1937680	Rate	2021-04-14	08:12:00	Dr. Emily Brown
42769	2101617	D-Dimer	2022-03-02	12:29:00	Dr. Rachel Goldman
42879	1100406	Sedimentation	2021-08-10	12:50:00	Dr. Tara Dactyl
42915	2498276	Panel	2021-05-22	10:45:00	Dr. Jack Robinson
42916	3318124	A1C	2016-06-27	09:31:00	Dr. Herb Ology
43095	2343670	(ESR)	2024-05-19	13:43:00	Dr. Ray Gunn
43113	2498276	Hormone	2020-09-03	12:26:00	Dr. Jay Walker
43128	7053320	Chest	2024-01-05	10:30:00	Dr. Jennifer Garcia
43137	2251382	Rate	2016-09-02	11:37:00	Dr. Warren Peace
43321	6111668	Function	2019-09-25	13:50:00	Dr. Uma Thurman (no relation)
43327	7315077	Peptide	2019-03-28	15:15:00	Dr. Xander Zhou
43611	7709450	Liver	2020-02-10	08:13:00	Dr. Michael Chen
43683	3778032	Natriuretic	2021-12-07	11:18:00	Dr. Xander Zhou
43922	2896821	Hepatitis	2019-11-09	11:21:00	Dr. Olive Yew
43937	8159401	Count	2017-12-13	10:47:00	Dr. Ida Noe
43963	1791405	Comprehensive	2024-09-05	12:30:00	Dr. Ophelia Payne
44089	9643163	Panel	2018-12-13	15:37:00	Dr. Lisa Anderson
44226	3142051	Prostate-Specific	2017-10-25	13:42:00	Dr. Ginger Vitis
44296	6622592	Lactic	2016-01-06	14:01:00	Dr. Justin Case
44320	3142051	Rate	2023-03-22	09:19:00	Dr. Harry Pitts
44642	4458673	Basic	2022-05-26	10:55:00	Dr. Lisa Anderson
44817	2343670	Hormone	2022-06-18	14:21:00	Dr. Ben Dover
44840	2343670	Antigen	2021-05-05	12:30:00	Dr. Herb Ology
45131	6465200	(CRP)	2019-11-26	11:01:00	Dr. Liam O'Connor
45438	1966873	D-Dimer	2023-03-28	10:05:00	Dr. Michael Chen
45448	6622592	Acid	2017-02-28	11:18:00	Dr. Ty Knotts
45510	7930308	Urinalysis	2021-12-29	14:11:00	Dr. Ray Gunn
45516	3778032	(PTT)	2022-03-01	12:53:00	Dr. Olive Yew
45628	3318124	Levels	2022-10-25	09:16:00	Dr. Thomas Martinez
45918	6486735	Complete	2017-10-02	08:39:00	Dr. Max Imum
45992	3905207	Hepatitis	2018-08-12	13:37:00	Dr. Ulysses Grant
46005	8159401	Function	2017-04-07	11:49:00	Dr. Harold Green
46147	8159401	Panel	2024-03-11	08:55:00	Dr. David Wilson
46159	5286957	Lipid	2020-06-24	14:40:00	Dr. Sandy Beach
46221	5407637	Antigen	2024-05-15	09:02:00	Dr. Lance Boyle
46250	5026867	(ANA)	2023-08-27	14:47:00	Dr. Ken Hurt
46278	3142051	Ferritin	2022-03-20	15:02:00	Dr. Lou Briccant
46518	2896821	Vitamin	2016-01-10	11:16:00	Dr. Jack Robinson
46656	7168386	Hepatitis	2020-07-08	12:00:00	Dr. David Wilson
46767	2896821	Vitamin	2018-08-05	09:39:00	Dr. Grace Liu
46829	7565600	B12	2023-12-12	08:32:00	Dr. Carla Rodriguez
46889	7168386	Time	2023-05-06	10:47:00	Dr. Elle Fant
46927	3813118	A1C	2022-11-13	08:09:00	Dr. Emily Brown
47039	5100150	Vitamin	2020-04-17	08:43:00	Dr. Isabelle Nguyen
47088	8131810	Panel	2020-06-11	14:55:00	Dr. Rita Book
47222	2498276	Hormone	2020-01-16	13:53:00	Dr. Emily Brown
47305	5788496	Lipid	2017-11-15	12:42:00	Dr. Thomas Martinez
47326	9707286	Chest	2019-10-10	15:46:00	Dr. Isabelle Nguyen
47461	7460409	Antibody	2020-08-27	15:22:00	Dr. Vic Tory
47627	6428263	Count	2020-10-10	14:02:00	Dr. Quinn Foster
47664	2101617	Hemoglobin	2023-06-26	14:59:00	Dr. Gene Poole
47767	6120396	Blood	2024-12-25	10:05:00	Dr. Rachel Goldman
48181	8451918	Antigen	2018-10-26	11:48:00	Dr. Quinn Slanding
48264	5100150	Thromboplastin	2019-09-21	08:01:00	Dr. Robert Johnson
48309	4877157	Prostate-Specific	2018-01-03	10:21:00	Dr. Emily Brown
49175	4592589	Sedimentation	2016-10-09	14:23:00	Dr. Katherine White
49205	6272528	Lipid	2023-09-24	09:18:00	Dr. Zachary Moore
49347	9399818	Complete	2023-12-13	11:11:00	Dr. Ty Knotts
49380	7549164	Vitamin	2019-10-19	09:44:00	Dr. Uri Nalysis
49429	2498276	Levels	2017-10-18	15:05:00	Dr. Lisa Anderson
49609	7460409	Hemoglobin	2017-09-09	08:14:00	Dr. Mia Patel
49616	5013296	Tests	2021-01-19	14:36:00	Dr. Frank Miller
49628	8971529	Antigen	2021-12-26	08:59:00	Dr. Zachary Moore
50598	6984865	Metabolic	2024-09-26	09:49:00	Dr. Jennifer Garcia
50614	2290873	Testosterone	2020-10-01	12:11:00	Dr. Emily Brown
51498	8131810	Function	2021-03-19	12:54:00	Dr. Emily Brown
51538	5576307	Complete	2018-01-22	13:44:00	Dr. Bonnie Ache
51623	2251382	Panel	2020-11-10	10:11:00	Dr. Paige Turner
51627	7961179	Ferritin	2024-08-08	13:09:00	Dr. Isabelle Nguyen
51641	6021421	X-ray	2020-01-15	11:16:00	Dr. Carla Rodriguez
51837	2251382	Sedimentation	2017-11-29	12:33:00	Dr. Emily Brown
52102	4757402	Troponin	2022-09-03	15:54:00	Dr. Uma Thurman (no relation)
52111	4458673	Protein	2016-03-29	12:08:00	Dr. Rita Book
52248	5788496	Prothrombin	2024-09-28	15:25:00	Dr. Quinn Foster
52365	4877157	Levels	2019-12-19	08:15:00	Dr. Valerie Ramirez
52432	3778032	Antibody	2016-06-23	14:58:00	Dr. Tessa Clark
52482	2140786	Panel	2023-07-06	11:40:00	Dr. Paul Blackburn
52530	5286957	Blood	2022-07-12	14:36:00	Dr. Wayne Knight
52956	2290873	Complete	2017-04-03	10:31:00	Dr. Jennifer Garcia
52961	8563805	Chest	2022-10-18	15:22:00	Dr. Zachary Moore
53170	1116064	(PTT)	2016-08-26	14:51:00	Dr. Mel Practice
53353	7580548	C-Reactive	2021-11-08	11:31:00	Dr. Michael Chen
53758	7398317	Levels	2024-12-09	09:35:00	Dr. Noah Williams
53766	8214432	Antinuclear	2022-12-02	14:34:00	Dr. Yul B. Alright
53800	4637605	Prothrombin	2017-03-13	08:26:00	Dr. Sarah Johnson
53837	1966873	Antigen	2020-10-13	15:12:00	Dr. Elle Fant
53959	7549164	(ANA)	2023-08-20	13:03:00	Dr. Sarah Johnson
53980	5657913	and	2020-06-09	09:07:00	Dr. Mel Practice
54063	6565450	Count	2021-09-24	14:03:00	Dr. Lisa Anderson
54331	5885604	(PT/INR)	2023-09-02	10:38:00	Dr. Zoe Lander
54411	7107715	Function	2017-09-28	14:18:00	Dr. Lisa Anderson
54508	7251081	Hemoglobin	2020-10-22	09:21:00	Dr. Olivia Taylor
54630	2290873	Factor	2019-09-14	13:55:00	Dr. Quinn Tessential
55274	9643163	Function	2018-07-26	13:57:00	Dr. Carla Rodriguez
55336	7251081	Metabolic	2023-09-15	13:12:00	Dr. Harold Green
55349	2290873	Complete	2022-09-27	12:50:00	Dr. Gene Poole
55711	4429473	Peptide	2016-09-12	13:57:00	Dr. Olivia Taylor
55848	2506625	C-Reactive	2021-05-28	15:05:00	Dr. David Wilson
55894	6021421	Hormone	2018-02-28	08:41:00	Dr. Tessa Clark
56048	6021421	Panel	2021-09-08	15:12:00	Dr. Stan Still
56352	2290873	Hormone	2020-01-21	09:17:00	Dr. Rachel Goldman
56538	8159401	Cortisol	2022-12-20	11:49:00	Dr. Harold Green
57768	8214432	Basic	2019-01-20	10:12:00	Dr. Rita Book
57804	1966873	Factor	2020-05-01	12:16:00	Dr. Ima Payne
58469	4757402	Blood	2021-09-18	11:20:00	Dr. Faye Slift
58533	6111668	Prolactin	2023-02-02	08:47:00	Dr. David Wilson
58952	5286957	Hormone	2017-01-04	11:19:00	Dr. Frank Miller
59107	5100150	(PT/INR)	2019-07-16	12:23:00	Dr. Quinn Slanding
59113	4877157	Antigen	2020-08-11	10:49:00	Dr. Xavier Breath
59169	6974935	Antigen	2024-12-09	11:11:00	Dr. Harry Pitts
59510	5788496	Panel	2023-10-29	08:14:00	Dr. Michael Chen
59687	3318124	B12	2024-03-10	11:18:00	Dr. Carla Rodriguez
59883	1809783	(ESR)	2019-02-19	14:05:00	Dr. Kitty Litter
59942	4282334	HIV	2019-08-09	08:26:00	Dr. Sarah Johnson
60222	4183973	Antibody	2022-11-16	09:43:00	Dr. Cara Lott
60246	7380635	Panel	2017-11-27	08:30:00	Dr. Wayne Knight
60278	3905207	Hepatitis	2019-12-02	13:31:00	Dr. Faye Slift
60294	6565450	Vitamin	2016-03-14	12:18:00	Dr. Emma Watson
60437	6021421	Hemoglobin	2024-10-09	12:41:00	Dr. Tara Dactyl
60556	2251382	Antinuclear	2017-09-19	08:48:00	Dr. Carla Rodriguez
60589	7251081	Levels	2021-08-22	14:28:00	Dr. Harold Green
60594	6622592	Thyroid	2018-11-01	14:06:00	Dr. Katherine White
60625	3813118	Function	2022-09-06	12:54:00	Dr. Sandy Beach
60686	7453513	Electrocardiogram	2016-09-21	15:19:00	Dr. Jennifer Garcia
60985	9910297	(ESR)	2023-10-09	15:55:00	Dr. Quinn Tessential
61161	7333291	Prolactin	2019-01-13	09:38:00	Dr. Michael Chen
61178	4458673	D-Dimer	2016-08-19	14:24:00	Dr. David Wilson
61197	9916788	C-Reactive	2022-11-14	12:31:00	Dr. Sarah Johnson
61353	8131810	Function	2023-06-09	10:33:00	Dr. Michael Chen
61790	9910297	Prostate-Specific	2018-11-22	15:58:00	Dr. Mel Practice
62044	4592589	Prolactin	2024-03-13	09:55:00	Dr. Sandy Beach
62224	1791405	Time	2023-12-09	09:48:00	Dr. Curt N. Call
62286	7453513	Panel	2018-04-23	12:13:00	Dr. Ida Noe
62741	2140786	A1C	2017-09-02	09:19:00	Dr. Samuel Torres
63059	1100406	Urinalysis	2024-04-20	11:43:00	Dr. Max Imum
63585	7930308	(ESR)	2022-02-20	14:48:00	Dr. Herb Ology
63604	4183973	Ammonia	2021-05-11	08:54:00	Dr. Nick O'Teen
63658	5026867	Rheumatoid	2021-07-08	13:04:00	Dr. David Wilson
63676	4877157	Hemoglobin	2024-11-15	09:49:00	Dr. Jack Robinson
63805	1116064	(PT/INR)	2017-01-04	08:33:00	Dr. Faye Slift
63823	3142051	X-ray	2022-11-12	13:59:00	Dr. Stan Still
63870	9707286	Thromboplastin	2018-05-07	11:54:00	Dr. Cara Lott
63985	9512529	Electrocardiogram	2023-10-23	15:23:00	Dr. Lisa Anderson
64021	4297294	Folate	2020-04-17	08:06:00	Dr. Kitty Litter
64471	8214432	(CRP)	2019-06-07	14:16:00	Dr. Tessa Clark
64515	9578069	Chest	2016-02-20	08:41:00	Dr. Uri Nalysis
64896	1100406	Peptide	2017-03-01	11:21:00	Dr. Jennifer Garcia
65074	7398317	Basic	2020-07-01	10:45:00	Dr. Vanna Kulate
65085	9578069	Comprehensive	2017-06-12	10:19:00	Dr. Elle Fant
65347	6111668	Stimulating	2019-10-10	15:26:00	Dr. Pearl E. White
65403	7827103	D-Dimer	2024-02-07	11:49:00	Dr. Rita Book
65648	9916788	Lactic	2018-09-07	09:32:00	Dr. Gene Poole
66096	4508175	Electrophoresis	2016-08-12	13:56:00	Dr. Robert Johnson
66185	8207330	(PT/INR)	2020-02-07	11:31:00	Dr. Xander Zhou
66189	1307195	Basic	2023-05-26	13:58:00	Dr. Quinn Tessential
66297	9910297	Chest	2017-11-09	13:09:00	Dr. Yasmin Ahmed
66417	8971529	Stimulating	2018-03-04	13:16:00	Dr. Mia Patel
66698	6021421	Acid	2016-06-13	09:56:00	Dr. Tara Dactyl
66723	6014397	Stimulating	2020-05-16	11:55:00	Dr. Quinn Slanding
66865	8816666	Antinuclear	2023-02-01	12:17:00	Dr. Zoe Lander
66880	4877157	Stimulating	2016-05-11	09:40:00	Dr. Yasmin Ahmed
67076	7709450	Levels	2019-02-22	13:04:00	Dr. Cara Lott
67118	9910297	Panel	2016-07-11	11:54:00	Dr. Allison Parker
67807	3142051	Chest	2024-02-17	10:18:00	Dr. Pearl E. White
67815	2498276	Thyroid	2021-06-07	14:29:00	Dr. Paige Turner
67918	4508175	Sedimentation	2024-10-04	11:09:00	Dr. Curt N. Call
68080	6428263	Ammonia	2023-07-05	11:26:00	Dr. Samuel Torres
68199	5286957	Time	2023-07-01	08:58:00	Dr. Daniel Smith
68241	9578069	Prothrombin	2022-08-12	14:10:00	Dr. Allison Parker
68453	8816666	Ferritin	2023-12-06	11:09:00	Dr. Warren Peace
68487	7251081	and	2019-11-27	09:48:00	Dr. Lisa Anderson
68601	7039625	Function	2023-06-11	09:51:00	Dr. Frank Miller
68737	4637605	Testosterone	2020-11-11	08:13:00	Dr. Michael Chen
68789	8207330	Panel	2024-01-13	15:25:00	Dr. Frank Miller
68854	3813118	Vitamin	2024-01-24	13:04:00	Dr. Wayne Knight
68977	9512529	and	2023-10-18	12:56:00	Dr. Thomas Martinez
69093	8971529	Function	2024-01-28	15:57:00	Dr. Alan Probe
69156	6486735	Troponin	2024-01-26	14:17:00	Dr. Jay Walker
69287	5431473	Stimulating	2024-12-08	15:03:00	Dr. Carla Rodriguez
69322	8207330	Prolactin	2021-02-06	14:28:00	Dr. Lisa Anderson
69409	6486735	Hemoglobin	2022-06-29	11:23:00	Dr. Ben Dover
69424	5431473	Electrocardiogram	2020-11-24	12:38:00	Dr. Tara Dactyl
69462	4592589	Prolactin	2016-03-12	14:14:00	Dr. Justin Case
69492	3142051	Factor	2022-10-10	14:57:00	Dr. Robert Johnson
69783	4592589	Prothrombin	2016-01-27	08:24:00	Dr. Ty Knotts
69797	6014397	Rate	2023-12-04	10:37:00	Dr. Robert Johnson
69837	7961179	Liver	2016-01-25	15:25:00	Dr. Curt N. Call
69978	8207330	Panel	2024-10-24	09:03:00	Dr. Sarah Johnson
70102	1791405	Acid	2021-10-18	08:59:00	Dr. Jennifer Garcia
70129	6984865	Acid	2019-11-05	09:07:00	Dr. Michael Chen
70235	7380635	Factor	2016-10-05	13:43:00	Dr. Daniel Smith
70330	6984865	Prothrombin	2020-02-01	09:53:00	Dr. Max Imum
70697	7827103	(PTT)	2019-02-26	10:39:00	Dr. Abby Normal
71137	2251382	Prostate-Specific	2019-08-08	08:14:00	Dr. Will Power
71323	9578069	Chest	2021-03-01	08:48:00	Dr. Wayne Knight
71503	6014397	Comprehensive	2022-12-17	12:58:00	Dr. Daniel Smith
71814	7460409	HIV	2021-03-04	11:28:00	Dr. Emily Brown
71908	7168386	Tests	2019-02-26	11:51:00	Dr. Robert Johnson
71956	8610864	Lipid	2016-10-25	14:36:00	Dr. Michael Chen
71971	4458673	Thromboplastin	2016-07-19	09:27:00	Dr. Uri Nalysis
72196	4183973	Panel	2022-06-12	14:58:00	Dr. Quinn Tessential
72246	5788496	(BNP)	2024-02-13	14:08:00	Dr. Noah Williams
72483	7315077	Basic	2024-03-03	12:18:00	Dr. Mel Practice
72580	7107715	Rate	2018-01-12	13:14:00	Dr. Carla Rodriguez
72684	4757402	Panel	2020-08-06	09:21:00	Dr. Faye Slift
72813	4458673	Electrophoresis	2019-04-08	10:00:00	Dr. Vanna Kulate
72881	8131810	Rheumatoid	2018-09-13	08:55:00	Dr. Ken Hurt
73194	4948445	(ESR)	2021-11-13	15:17:00	Dr. David Wilson
73338	7792223	Cortisol	2019-03-01	10:13:00	Dr. Olive Yew
73465	4637605	Erythrocyte	2024-06-06	12:12:00	Dr. Uma Thurman (no relation)
73509	3986632	Hemoglobin	2016-09-16	11:45:00	Dr. Kitty Litter
73547	6565450	Brain	2023-02-02	11:47:00	Dr. Olive Yew
73684	8971529	Lipid	2016-01-05	12:48:00	Dr. Herb Ology
73805	5407637	Acid	2019-12-20	09:05:00	Dr. Yasmin Ahmed
73909	4297294	X-ray	2016-08-10	15:49:00	Dr. Grace Liu
74223	5885604	Hormone	2022-06-02	14:43:00	Dr. Xavier Breath
74312	5431473	Thromboplastin	2022-09-02	09:21:00	Dr. Rita Book
74373	8159401	(ESR)	2016-12-24	15:56:00	Dr. Benjamin Lee
74396	2593817	Liver	2016-06-07	09:04:00	Dr. Ophelia Payne
74549	8207330	Blood	2024-06-07	13:52:00	Dr. Benjamin Lee
74667	7453513	Rate	2022-01-13	10:49:00	Dr. Tessa Clark
74698	6984865	B12	2024-02-03	14:40:00	Dr. Tara Dactyl
74753	4508175	Liver	2021-06-23	13:24:00	Dr. Grace Liu
74770	4637605	Levels	2018-09-02	13:12:00	Dr. Liam O'Connor
74945	4282334	Thyroid	2024-11-20	09:15:00	Dr. Katherine White
75039	7565600	HIV	2021-07-06	11:04:00	Dr. Katherine White
75394	5885604	Partial	2023-11-28	14:37:00	Dr. Quinn Foster
75428	7961179	Panel	2022-10-29	11:01:00	Dr. Sandy Beach
75505	9643163	Function	2023-07-02	14:58:00	Dr. Flo Tilla
75986	1809783	Antibody	2024-12-22	13:25:00	Dr. Mia Patel
76110	1937680	Panel	2019-03-10	11:52:00	Dr. Vic Tory
76233	3142051	Prolactin	2024-10-06	12:16:00	Dr. Michael Chen
76344	7398317	Partial	2017-04-02	08:18:00	Dr. Zoe Lander
76528	7580548	(ANA)	2017-01-18	12:28:00	Dr. Daniel Smith
76709	3142051	Sedimentation	2016-01-04	09:09:00	Dr. Carla Rodriguez
76757	6260839	Levels	2019-06-02	08:46:00	Dr. Herb Ology
76983	9399818	Ammonia	2019-01-27	10:48:00	Dr. Cara Lott
77024	8207330	Chest	2019-07-11	13:31:00	Dr. Nick O'Teen
77313	5407637	Panel	2016-12-08	09:57:00	Dr. Katherine White
77382	2506625	Levels	2018-12-24	10:41:00	Dr. Mia Patel
77426	7792223	Antigen	2016-12-17	08:09:00	Dr. Paul Blackburn
77553	7380635	Prothrombin	2023-02-03	10:20:00	Dr. Noah Williams
77624	9399818	Electrocardiogram	2017-06-12	12:35:00	Dr. Max Imum
78006	6465200	Comprehensive	2016-03-10	10:12:00	Dr. Lisa Anderson
78019	3778032	Ammonia	2022-05-12	13:57:00	Dr. Ben Dover
78056	4592589	X-ray	2021-07-16	08:02:00	Dr. Ned Flanders
78070	6622592	Sedimentation	2022-05-25	15:51:00	Dr. Xavier Breath
78218	1809783	Count	2023-11-27	13:53:00	Dr. Lisa Anderson
78312	7107715	Natriuretic	2021-09-14	13:21:00	Dr. Michael Chen
78389	3986632	Liver	2024-07-28	12:17:00	Dr. Justin Case
78404	4183973	Antinuclear	2022-08-15	08:13:00	Dr. Ginger Vitis
78650	8321302	X-ray	2020-10-01	09:59:00	Dr. Ed Ible
78715	6975241	Basic	2020-10-23	09:56:00	Dr. Valerie Ramirez
79005	3142051	Ferritin	2016-10-17	08:02:00	Dr. Lisa Anderson
79181	1791405	Ferritin	2022-09-21	11:02:00	Dr. Quinn Slanding
79369	4183973	Hemoglobin	2018-09-07	15:49:00	Dr. Jack Robinson
79509	1809783	Function	2018-08-12	15:22:00	Dr. Jennifer Garcia
79549	6120396	Panel	2017-10-16	14:49:00	Dr. Olivia Taylor
79721	5026867	Thromboplastin	2024-08-23	09:55:00	Dr. Abby Normal
79818	7792223	(ESR)	2022-03-24	10:41:00	Dr. Pearl E. White
79820	1809783	Troponin	2020-01-09	13:15:00	Dr. Samuel Torres
79942	8321302	Hemoglobin	2024-06-06	09:27:00	Dr. Wayne Knight
79981	7333291	Levels	2021-05-22	12:15:00	Dr. Rachel Goldman
80103	4508175	Ferritin	2018-10-15	10:19:00	Dr. Mel Practice
80148	4458673	Panel	2023-09-16	14:28:00	Dr. Kitty Litter
80187	6021421	Antibody	2021-06-17	08:39:00	Dr. Jennifer Garcia
80196	5431473	Levels	2016-02-17	08:28:00	Dr. Paul Blackburn
80303	7380635	Natriuretic	2022-11-05	11:32:00	Dr. Mel Practice
80364	7827103	Testosterone	2024-11-16	15:43:00	Dr. Lisa Anderson
80409	8557170	Urinalysis	2016-06-21	10:05:00	Dr. Will Power
80697	8451918	Metabolic	2023-12-17	11:11:00	Dr. Thomas Martinez
80897	7333291	Partial	2020-03-12	09:16:00	Dr. Noah Williams
80989	8207330	Electrocardiogram	2019-04-18	15:35:00	Dr. Daniel Smith
80996	2343670	Thyroid	2024-07-22	11:06:00	Dr. Ed Ible
81341	3142051	Lactic	2024-04-14	12:50:00	Dr. Robert Johnson
81451	1966873	Chest	2022-09-15	08:02:00	Dr. Uma Thurman (no relation)
81686	9512529	X-ray	2016-02-03	12:15:00	Dr. Kitty Litter
81852	7039625	Urinalysis	2018-05-24	10:32:00	Dr. Doug Graves
82151	4508175	HIV	2019-08-12	08:08:00	Dr. Harold Green
82220	8131810	and	2024-09-09	15:22:00	Dr. Paul Blackburn
82495	3932291	D-Dimer	2021-06-16	11:46:00	Dr. Xander Zhou
82661	3986632	Prothrombin	2016-09-18	15:56:00	Dr. Jennifer Garcia
82880	8207330	B12	2021-02-03	08:31:00	Dr. Grace Liu
82898	1100406	(PT/INR)	2024-06-15	11:07:00	Dr. Carla Rodriguez
83021	8321302	A1C	2021-11-25	10:15:00	Dr. Robert Johnson
83033	3480723	Antigen	2016-01-13	13:29:00	Dr. Paige Turner
83212	6975241	Function	2019-05-21	09:39:00	Dr. Flo Tilla
83215	7565600	Count	2019-11-11	11:32:00	Dr. Lance Boyle
83394	6974935	Tests	2019-03-17	15:26:00	Dr. Emily Brown
83423	7930308	Lipid	2023-06-26	14:43:00	Dr. Robert Johnson
83439	3778032	Complete	2016-11-18	14:37:00	Dr. Benjamin Lee
83451	2251382	Lipid	2017-03-04	15:45:00	Dr. Nick O'Teen
84358	2343670	Levels	2023-05-23	14:13:00	Dr. Robert Johnson
84503	3986632	Hemoglobin	2021-09-17	10:48:00	Dr. Thomas Martinez
84657	5407637	Antigen	2020-05-18	09:06:00	Dr. Yasmin Ahmed
84873	7333291	Urinalysis	2023-10-12	10:10:00	Dr. Lance Boyle
84892	5286957	Liver	2018-09-03	12:28:00	Dr. Kitty Litter
85001	5100150	Electrocardiogram	2016-11-26	10:05:00	Dr. Lisa Anderson
85130	2140786	Panel	2022-03-29	09:42:00	Dr. Paige Turner
85196	7549164	Lactic	2022-06-04	13:35:00	Dr. Lisa Anderson
85205	1100406	Ferritin	2023-06-07	14:22:00	Dr. Benjamin Lee
85510	7251081	Panel	2022-06-02	12:58:00	Dr. Harry Pitts
85818	9512529	Protein	2023-02-15	09:55:00	Dr. Xander Zhou
85835	3932291	Levels	2020-04-17	09:20:00	Dr. Abby Normal
86249	9643163	Cortisol	2024-07-21	08:45:00	Dr. Uma Thurman (no relation)
87217	7792223	Ferritin	2024-11-21	10:45:00	Dr. Zoe Lander
87285	7709450	Hormone	2022-11-24	15:16:00	Dr. Robert Johnson
87373	5100150	Panel	2020-03-01	13:45:00	Dr. Ty Knotts
87495	8131810	Function	2021-10-04	09:59:00	Dr. Alan Probe
87566	3905207	Urinalysis	2019-01-27	15:18:00	Dr. Vanna Kulate
87587	4637605	Antigen	2021-03-27	15:01:00	Dr. Cara Lott
87717	7398317	Liver	2020-08-06	11:59:00	Dr. Doug Graves
87732	3142051	Rate	2019-04-01	09:13:00	Dr. Abby Normal
87739	3318124	Blood	2018-09-15	09:45:00	Dr. David Wilson
87864	8557170	X-ray	2019-07-19	12:37:00	Dr. Allison Parker
87909	6984865	Panel	2023-01-14	10:30:00	Dr. Diane Sected
87995	6622592	Natriuretic	2019-08-21	08:27:00	Dr. Olivia Taylor
88236	4637605	Chest	2023-01-05	15:33:00	Dr. Thomas Martinez
88260	7333291	Levels	2023-12-03	11:40:00	Dr. Uri Nalysis
88420	9643163	Cortisol	2016-04-29	14:43:00	Dr. Michael Chen
88506	7053320	Levels	2022-03-22	08:53:00	Dr. Vic Tory
88534	8207330	Liver	2018-02-06	13:32:00	Dr. Ulysses Grant
88605	6984865	Metabolic	2016-07-13	10:17:00	Dr. Gene Poole
88667	3813118	C-Reactive	2021-07-11	11:58:00	Dr. Sarah Johnson
88771	8816666	Prostate-Specific	2018-06-16	10:11:00	Dr. Jennifer Garcia
88895	2140786	Function	2021-05-26	13:47:00	Dr. Jay Walker
88926	2343670	Blood	2021-10-03	12:44:00	Dr. Ida Noe
89399	1966873	Prostate-Specific	2016-08-11	15:45:00	Dr. Vanna Kulate
89400	5788496	(ESR)	2024-11-23	10:31:00	Dr. Robert Johnson
89415	1966873	Peptide	2018-12-09	10:13:00	Dr. Michael Chen
89567	3480723	Cortisol	2018-04-03	11:29:00	Dr. Xavier Breath
89599	7549164	Blood	2019-07-22	10:52:00	Dr. Yasmin Ahmed
89809	9578069	Natriuretic	2018-07-13	09:47:00	Dr. Sarah Johnson
89883	4297294	A1C	2024-04-29	09:14:00	Dr. Samuel Torres
89917	4458673	Comprehensive	2019-05-01	14:38:00	Dr. Uri Nalysis
89945	1116064	A1C	2021-12-20	08:28:00	Dr. Lance Boyle
90011	8159401	Acid	2020-02-15	08:05:00	Dr. Stan Still
90084	5462728	Acid	2020-06-14	14:57:00	Dr. Nick O'Teen
90100	2498276	Partial	2017-03-02	12:52:00	Dr. Carla Rodriguez
90598	8816666	Lactic	2017-09-28	12:25:00	Dr. Zoe Lander
90779	2593817	Basic	2016-06-19	15:33:00	Dr. Lou Briccant
91148	7251081	Prothrombin	2021-09-10	08:02:00	Dr. Lou Briccant
91271	8816666	Prostate-Specific	2024-05-10	11:45:00	Dr. Jack Robinson
91325	4877157	A1C	2023-12-04	15:09:00	Dr. David Wilson
91366	7107715	Cortisol	2023-05-20	09:14:00	Dr. Stan Still
91559	7580548	Metabolic	2021-11-16	15:08:00	Dr. Ginger Vitis
91759	5431473	Stimulating	2017-09-07	10:06:00	Dr. David Wilson
91906	4297294	Panel	2017-03-01	12:19:00	Dr. Nick O'Teen
91931	6014397	Chest	2020-11-19	10:15:00	Dr. Emily Brown
92059	3480723	Time	2021-04-26	09:27:00	Dr. Ginger Vitis
92204	5013296	Blood	2021-05-03	08:19:00	Dr. Robert Johnson
92386	7039625	Stimulating	2022-12-20	14:40:00	Dr. Samuel Torres
92464	3480723	Hemoglobin	2018-09-10	10:11:00	Dr. Gene Poole
92572	8971529	Hormone	2016-02-26	12:58:00	Dr. Isabelle Nguyen
92655	1809783	Brain	2020-05-07	15:35:00	Dr. Robert Johnson
92869	7251081	Urinalysis	2023-12-21	15:55:00	Dr. Ida Noe
93129	5013296	Hormone	2020-01-16	12:54:00	Dr. Samuel Torres
93346	8321302	Panel	2018-12-09	12:48:00	Dr. Rachel Goldman
93471	2593817	D-Dimer	2017-11-05	14:18:00	Dr. Thomas Martinez
93563	7251081	Partial	2023-10-15	14:37:00	Dr. Quinn Slanding
93601	8131810	HIV	2020-08-19	13:29:00	Dr. Robert Johnson
93704	1937680	Stimulating	2022-03-08	08:11:00	Dr. Tessa Clark
94072	7709450	Panel	2016-01-27	09:18:00	Dr. Yul B. Alright
94524	6120396	Blood	2023-05-09	15:36:00	Dr. Jay Walker
94658	7039625	Panel	2023-04-07	11:38:00	Dr. Paige Turner
94957	3986632	Levels	2018-11-05	12:15:00	Dr. Rita Book
95042	4297294	Metabolic	2018-01-24	13:50:00	Dr. Emma Watson
95193	5657913	Liver	2017-01-10	09:30:00	Dr. Will Power
95469	8159401	X-ray	2017-12-16	10:12:00	Dr. Stan Still
95501	4545804	HIV	2019-12-18	12:45:00	Dr. Robert Johnson
95883	6622592	Tests	2023-02-03	08:06:00	Dr. Elle Fant
95901	7460409	Panel	2021-07-27	11:50:00	Dr. Mia Patel
95923	3318124	Panel	2017-05-17	15:39:00	Dr. Ray Gunn
95967	2251382	Partial	2018-09-13	12:52:00	Dr. Alan Probe
96001	4545804	Ferritin	2017-01-21	10:44:00	Dr. Alan Probe
96135	3318124	Erythrocyte	2020-02-25	10:47:00	Dr. Justin Case
96207	4183973	Time	2018-10-15	08:49:00	Dr. Harold Green
96525	6465200	Levels	2020-07-18	12:02:00	Dr. Thomas Martinez
96582	5407637	and	2022-11-21	11:51:00	Dr. Sandy Beach
96825	6975241	Natriuretic	2020-04-04	14:51:00	Dr. Tara Dactyl
96894	3318124	(BNP)	2024-12-06	12:51:00	Dr. Valerie Ramirez
97455	6622592	(PTT)	2017-11-04	11:42:00	Dr. Yul B. Alright
97586	7930308	Chest	2021-03-14	10:04:00	Dr. Ophelia Payne
97849	4948445	X-ray	2023-11-08	14:54:00	Dr. Ray Gunn
98142	3480723	A1C	2023-01-05	11:52:00	Dr. Bonnie Ache
98148	7398317	Count	2019-11-11	10:33:00	Dr. Ophelia Payne
98150	5407637	Partial	2019-07-13	13:03:00	Dr. Thomas Martinez
98261	4508175	C-Reactive	2024-05-09	13:38:00	Dr. Uri Nalysis
98338	5462728	Liver	2017-01-27	09:46:00	Dr. Zoe Lander
98394	7168386	Protein	2022-12-20	15:53:00	Dr. Ima Payne
98797	7792223	X-ray	2017-12-13	11:09:00	Dr. Bonnie Ache
98997	3905207	Levels	2019-01-10	14:45:00	Dr. Alan Probe
99047	5657913	Rate	2018-12-04	10:56:00	Dr. Wayne Knight
99220	5576307	Ferritin	2021-06-06	12:34:00	Dr. Robert Johnson
99283	8563805	Time	2023-03-16	10:53:00	Dr. Xander Zhou
99313	5885604	Count	2024-11-23	08:24:00	Dr. Benjamin Lee
99445	8971529	Thromboplastin	2018-02-11	12:42:00	Dr. Justin Case
99523	5013296	Panel	2019-07-12	14:30:00	Dr. Vanna Kulate
99661	2593817	X-ray	2018-06-07	11:50:00	Dr. Jennifer Garcia
99680	5885604	Protein	2018-09-04	14:50:00	Dr. Ned Flanders
99805	5286957	Function	2022-02-22	11:51:00	Dr. Ed Ible
50002	1000002	X-ray	2025-12-11	11:00:00	Dr. B
50003	1000003	MRI	2025-12-13	09:00:00	Dr. C
50004	1000004	Urine Test	2025-12-10	10:30:00	Dr. D
50005	1000005	Liver Function	2025-12-12	07:45:00	Dr. E
\.


--
-- Data for Name: patient_information; Type: TABLE DATA; Schema: public; Owner: admin
--

COPY public.patient_information (patient_id, first_name, last_name, date_of_birth, primary_physician, insurance_provider, blood_type, allergies) FROM stdin;
7549164	John	Doe	1983-07-29	Dr. Sarah Johnson	BlueCross	A+	Penicillin
7315077	Sarah	Smith	1951-09-26	Dr. Michael Chen	Medicare	O-	None
4757402	Michael	Johnson	1944-11-26	Dr. Emily Brown	Aetna	B-	Latex
6021421	Emma	Brown	1991-12-12	Dr. David Wilson	UnitedHealth	AB+	Sulfa
6975241	David	Davis	1995-12-22	Dr. Lisa Anderson	Cigna	A-	None
2251382	Jennifer	Wilson	1990-01-28	Dr. Thomas Martinez	Humana	O+	Aspirin
8971529	James	Taylor	1940-11-12	Dr. Jennifer Garcia	Kaiser	B+	Penicillin
1966873	Emily	Anderson	1950-09-17	Dr. Robert Johnson	Medicare	AB-	Lactose
1937680	Robert	Martinez	1998-05-26	Dr. Emily Brown	BlueCross	A+	None
8451918	Jessica	Garcia	1962-09-16	Dr. Michael Chen	Aetna	O-	Shellfish
4458673	William	Smith	1977-04-18	Dr. Sarah Johnson	BlueCross BlueShield	O+	None
9512529	Lisa	Johnson	1997-01-19	Dr. Michael Chen	UnitedHealthcare	A+	Peanuts
4508175	Christopher	Williams	1964-12-29	Dr. Emily Brown	Aetna	B+	None
1116064	Mary	Brown	1989-06-26	Dr. David Wilson	Cigna	O-	Penicillin
7580548	Joseph	Jones	1984-07-18	Dr. Lisa Anderson	Humana	A-	None
4592589	Elizabeth	Garcia	1944-02-12	Dr. Thomas Martinez	Kaiser Permanente	AB+	Latex
2343670	Daniel	Miller	1968-05-06	Dr. Jennifer Garcia	Anthem	O+	None
3905207	Ashley	Davis	1984-07-12	Dr. Robert Johnson	Medicare	A+	Shellfish
7827103	Matthew	Rodriguez	1966-06-03	Dr. Allison Parker	Medicaid	B+	None
1791405	Karen	Martinez	1967-03-04	Dr. Benjamin Lee	Metlife	O+	Tree nuts
6428263	Andrew	Hernandez	1956-07-11	Dr. Carla Rodriguez	BlueCross BlueShield	A+	None
6565450	Patricia	Lopez	1956-08-23	Dr. Daniel Smith	UnitedHealthcare	O-	Dairy
7107715	Thomas	Gonzalez	2006-06-17	Dr. Emma Watson	Aetna	B+	None
4183973	Linda	Wilson	1979-11-11	Dr. Frank Miller	Cigna	A+	Eggs
6974935	Kevin	Anderson	1949-08-12	Dr. Grace Liu	Wellcare	O+	None
6260839	Susan	Thomas	1959-11-09	Dr. Harold Green	Molina Healthcare	AB+	Soy
3142051	Mark	Taylor	1949-10-26	Dr. Isabelle Nguyen	Centene	A-	None
1307195	Margaret	Moore	1992-11-24	Dr. Jack Robinson	Highmark	O+	Wheat
5431473	Steven	Jackson	1956-10-06	Dr. Katherine White	Health Net	B+	None
4948445	Nancy	Martin	1979-10-02	Dr. Liam O'Connor	BlueCross BlueShield	A+	Fish
9910297	Richard	Lee	2006-03-01	Dr. Mia Patel	UnitedHealthcare	O+	Penicillin
7053320	Barbara	Perez	1993-01-10	Dr. Noah Williams	Aetna	O-	None
7453513	Charles	Thompson	1996-08-23	Dr. Olivia Taylor	Medicare	A+	Pollen
3778032	Sandra	White	2006-10-04	Dr. Paul Blackburn	Humana	B+	None
7251081	Jason	Harris	1956-05-20	Dr. Quinn Foster	Kaiser Permanente	O+	Dust mites
9578069	Michelle	Sanchez	1943-01-05	Dr. Rachel Goldman	Cigna	A+	None
8610864	Paul	Clark	1958-04-23	Dr. Samuel Torres	Anthem	AB+	Pet dander
9643163	Laura	Ramirez	1994-05-06	Dr. Tessa Clark	Medicaid	O+	None
1100406	Brian	Lewis	1962-05-03	Dr. Ulysses Grant	Carefirst	B+	Mold
4282334	Carol	Robinson	1996-11-06	Dr. Valerie Ramirez	BlueCross BlueShield	A+	None
5304719	Jeffrey	Walker	1966-11-26	Dr. Wayne Knight	UnitedHealthcare	O-	Bee stings
7380635	Maria	Young	1946-03-05	Dr. Xander Zhou	Aetna	O+	None
3480723	John	Allen	1998-02-21	Dr. Yasmin Ahmed	Cigna	A+	Sulfa drugs
7460409	Melissa	King	1963-08-28	Dr. Zachary Moore	Medicare	B+	None
5576307	Kenneth	Wright	1943-11-16	Dr. Abby Normal	Humana	O+	Aspirin
7961179	Kimberly	Scott	1962-01-01	Dr. Ben Dover	Fidelis Care	A+	None
9707286	Timothy	Torres	1951-12-26	Dr. Cara Lott	AmeriHealth	AB-	Peanuts
7709450	Angela	Nguyen	2001-07-17	Dr. Doug Graves	BlueCross BlueShield	O+	None
2593817	Scott	Hill	1968-01-24	Dr. Elle Fant	UnitedHealthcare	A+	Latex
9399818	Amanda	Flores	1966-03-14	Dr. Faye Slift	Aetna	B+	None
6014397	Michael	Green	1966-03-21	Dr. Ginger Vitis	Medicaid	O-	Shellfish
8131810	Jennifer	Adams	1980-01-12	Dr. Harry Pitts	Cigna	O+	None
4637605	George	Nelson	1969-10-23	Dr. Ima Payne	Kaiser Permanente	A+	Tree nuts
2290873	Sarah	Baker	1987-05-10	Dr. Justin Case	Anthem	B+	None
5407637	Steven	Hall	1985-02-21	Dr. Kitty Litter	Medicare	O+	Penicillin
5462728	Lisa	Rivera	1962-05-01	Dr. Lou Briccant	Emblem Health	A-	None
5013296	Robert	Campbell	1970-06-12	Dr. Max Imum	BlueCross BlueShield	AB+	Dairy
8816666	Emily	Mitchell	1953-07-11	Dr. Ned Flanders	UnitedHealthcare	O+	None
6984865	William	Carter	1982-11-24	Dr. Olive Yew	Aetna	A+	Eggs
4429473	Elizabeth	Roberts	1949-01-11	Dr. Paige Turner	Humana	B+	None
8214432	Thomas	Gomez	1950-06-22	Dr. Quinn Tessential	Cigna	O+	Soy
7930308	Jessica	Phillips	1983-03-29	Dr. Ray Gunn	Medicaid	O-	None
3813118	David	Evans	1971-07-28	Dr. Sandy Beach	Molina Healthcare	A+	Wheat
5885604	Mary	Turner	1983-05-10	Dr. Ty Knotts	BlueCross BlueShield	B+	None
6111668	James	Diaz	1950-10-11	Dr. Uma Thurman (no relation)	UnitedHealthcare	O+	Fish
3986632	Karen	Parker	1969-11-10	Dr. Vic Tory	Medicare	A+	None
8159401	Joseph	Cruz	1984-11-04	Dr. Will Power	Aetna	AB+	Pollen
8883574	Patricia	Edwards	1956-08-29	Dr. Xavier Breath	Cigna	O+	None
5100150	Daniel	Collins	1995-04-16	Dr. Yul B. Alright	Anthem	B-	Dust mites
6272528	Linda	Reyes	1977-01-15	Dr. Zoe Lander	Kaiser Permanente	A+	None
7333291	Christopher	Stewart	1948-09-29	Dr. Alan Probe	Humana	O+	Pet dander
2896821	Susan	Morris	2006-05-24	Dr. Bonnie Ache	Medicaid	O-	None
5026867	Matthew	Morales	1945-01-07	Dr. Curt N. Call	BlueCross BlueShield	A+	Mold
2506625	Nancy	Murphy	1985-03-24	Dr. Diane Sected	UnitedHealthcare	B+	None
7039625	Andrew	Cook	1958-05-06	Dr. Ed Ible	Aetna	O+	Bee stings
2140786	Barbara	Rogers	2001-01-23	Dr. Flo Tilla	Cigna	A+	None
4545804	Mark	Gutierrez	1993-07-19	Dr. Gene Poole	Medicare	AB+	Sulfa drugs
2101617	Sandra	Ortiz	1950-03-05	Dr. Herb Ology	Centene	O+	None
6486735	Richard	Morgan	1976-11-02	Dr. Ida Noe	Health Net	A+	Aspirin
7168386	Michelle	Cooper	2004-09-25	Dr. Jay Walker	BlueCross BlueShield	B+	None
3932291	Charles	Peterson	1947-11-17	Dr. Ken Hurt	UnitedHealthcare	O-	Peanuts
8557170	Laura	Bailey	1951-03-19	Dr. Lance Boyle	Aetna	O+	None
7565600	Kevin	Reed	1948-05-05	Dr. Mel Practice	Medicaid	A+	Latex
8207330	Kimberly	Kelly	1968-07-26	Dr. Nick O'Teen	Cigna	B+	None
8321302	Brian	Howard	1949-01-07	Dr. Ophelia Payne	Humana	O+	Shellfish
3318124	Angela	Ramos	2002-06-03	Dr. Pearl E. White	Anthem	A-	None
1809783	Paul	Kim	1996-08-13	Dr. Quinn Slanding	Medicare	AB+	Tree nuts
6465200	Amanda	Cox	1979-04-23	Dr. Rita Book	Kaiser Permanente	O+	None
4877157	Jeffrey	Ward	1974-09-27	Dr. Stan Still	BlueCross BlueShield	A+	Penicillin
5657913	Maria	Richardson	1970-12-26	Dr. Tara Dactyl	UnitedHealthcare	B+	None
9916788	John	Watson	1954-10-04	Dr. Uri Nalysis	Accident Prone Protection	O+	Dairy
5286957	Melissa	Brooks	1950-12-08	Dr. Vanna Kulate	Cigna	O-	None
8563805	Timothy	Chavez	1977-10-11	Dr. Warren Peace	Wellcare	A+	Eggs
7398317	Margaret	Wood	1991-09-03	Dr. Xavier Ray	Medicare	B+	None
5788496	Michael	James	2005-12-21	Dr. Yuri Nator	Medicaid	O+	Soy
2498276	Ashley	Bennett	1975-03-19	Dr. Zelda Breath	Oopsie-Daisy Insurance Co.	A+	None
4297294	Steven	Gray	1943-04-12		Boo-Boo Fixers Inc.	AB-	Wheat
7792223	Carol	Mendoza	1953-11-27		Ouchie-Be-Gone Group	O+	None
6120396	David	Ruiz	1953-05-01		Whoopsies-R-Us	A+	Fish
6622592	Emma	Hughes	1946-02-27		Klutz Koverage	B+	None
1000001	Linoy	Hadar	1990-05-15	Dr. Sarah Johnson	Clalit	A+	None
1000002	John	Doe	1983-07-29	Dr. Sarah Johnson	BlueCross	A+	Penicillin
1000003	Jane	Smith	1992-11-05	Dr. Michael Brown	Maccabi	B-	Latex
1000004	Ali	Cohen	1988-02-12	Dr. David Green	Leumit	O+	None
1000005	Maya	Levi	1995-09-21	Dr. Emily White	Clalit	AB+	Peanuts
\.


--
-- Name: admissions admissions_pkey; Type: CONSTRAINT; Schema: public; Owner: admin
--

ALTER TABLE ONLY public.admissions
    ADD CONSTRAINT admissions_pkey PRIMARY KEY (hospitalization_case_number);


--
-- Name: lab_results lab_results_pkey; Type: CONSTRAINT; Schema: public; Owner: admin
--

ALTER TABLE ONLY public.lab_results
    ADD CONSTRAINT lab_results_pkey PRIMARY KEY (result_id);


--
-- Name: lab_tests lab_tests_pkey; Type: CONSTRAINT; Schema: public; Owner: admin
--

ALTER TABLE ONLY public.lab_tests
    ADD CONSTRAINT lab_tests_pkey PRIMARY KEY (test_id);


--
-- Name: patient_information patient_information_pkey; Type: CONSTRAINT; Schema: public; Owner: admin
--

ALTER TABLE ONLY public.patient_information
    ADD CONSTRAINT patient_information_pkey PRIMARY KEY (patient_id);


--
-- Name: idx_admissions_patient_id; Type: INDEX; Schema: public; Owner: admin
--

CREATE INDEX idx_admissions_patient_id ON public.admissions USING btree (patient_id);


--
-- Name: idx_lab_tests_order_date; Type: INDEX; Schema: public; Owner: admin
--

CREATE INDEX idx_lab_tests_order_date ON public.lab_tests USING btree (order_date, order_time);


--
-- Name: idx_lab_tests_patient_id; Type: INDEX; Schema: public; Owner: admin
--

CREATE INDEX idx_lab_tests_patient_id ON public.lab_tests USING btree (patient_id);


--
-- Name: admissions fk_admissions_patient; Type: FK CONSTRAINT; Schema: public; Owner: admin
--

ALTER TABLE ONLY public.admissions
    ADD CONSTRAINT fk_admissions_patient FOREIGN KEY (patient_id) REFERENCES public.patient_information(patient_id);


--
-- Name: lab_results lab_results_test_id_fkey; Type: FK CONSTRAINT; Schema: public; Owner: admin
--

ALTER TABLE ONLY public.lab_results
    ADD CONSTRAINT lab_results_test_id_fkey FOREIGN KEY (test_id) REFERENCES public.lab_tests(test_id);


--
-- PostgreSQL database dump complete
--

\unrestrict AZ0yf2KTEkJJbLHGdxEgllrtxdPY7LJ2tN2UGiY9pIoyCwuwyRkyDiRJLSnYgi7

